"id_registro","id_tipo_registro","numero_hombres","numero_mujeres","numero_ninos","numero_lgbt","numero_no_nacidos_mexico","identificador_autobus","id_albergue","id_usuario_captura","fecha_registro"
5,1,2,1,0,0,0,"1",2,6089341,2025-01-27 00:00:00.000
6,1,48,2,1,0,0,"4",2,6089341,2025-01-27 00:00:00.000
7,1,1,0,0,0,0,,17,6051702,2025-01-27 00:00:00.000
8,2,1,0,0,0,0,,17,6051702,2025-01-27 00:00:00.000
9,1,0,1,0,0,0,,2,6051702,2025-01-27 00:00:00.000
10,1,1,0,0,0,0,,2,6051702,2025-01-27 00:00:00.000
11,2,1,0,0,0,0,,2,2666508,2025-01-27 00:00:00.000
12,1,1,0,0,0,0,,2,2666508,2025-01-27 00:00:00.000
13,2,4,0,0,0,0,,2,2666508,2025-01-27 00:00:00.000
14,2,40,3,0,0,0,,2,2666508,2025-01-27 00:00:00.000
15,1,13,0,0,0,0,"1",2,6089341,2025-01-28 10:31:12.895
16,1,1,1,1,0,0,"1",2,6089341,2025-01-28 15:16:54.464
17,1,50,0,0,0,0,"1",2,6089341,2025-01-28 21:22:49.167
18,1,7,0,0,0,0,,2,6089341,2025-01-29 10:04:49.909
19,1,48,9,1,0,0,,2,6089341,2025-01-29 14:32:23.942
20,1,31,0,0,0,0,"1",2,6089341,2025-01-30 12:52:32.947
21,1,10,0,0,0,0,"1",2,6089341,2025-01-30 12:53:19.571
22,1,296,17,13,0,0,,7,6124202,2025-01-30 15:59:17.395
23,2,287,12,7,0,0,,7,6124202,2025-01-30 16:00:35.228
24,1,3,0,0,0,0,,7,6124202,2025-01-31 12:36:33.692
25,2,4,0,0,0,0,,7,6124202,2025-01-31 12:41:44.317
26,1,90,12,0,0,0,,2,6089341,2025-01-31 15:18:42.071
27,1,3,0,0,0,0,,7,6124202,2025-02-01 12:40:41.224
28,2,5,0,0,0,0,,7,6124202,2025-02-01 12:41:03.594
29,2,2,0,0,0,0,,7,6124202,2025-02-01 12:49:09.155
30,1,4,0,0,0,0,,7,6124202,2025-02-01 16:01:00.602
31,2,3,0,0,0,0,,7,6124202,2025-02-01 16:01:26.562
32,1,1,4,4,0,0,,7,6124202,2025-02-02 10:51:16.285
33,2,2,8,8,0,0,,7,6124202,2025-02-02 10:52:25.273
34,2,2,0,0,0,0,,7,6124202,2025-02-03 13:12:25.362
35,1,1,0,0,0,0,,7,6124202,2025-02-03 18:05:13.917
36,1,2,1,2,0,0,,7,6124202,2025-02-03 18:07:05.582
37,2,4,2,4,0,0,,7,6124202,2025-02-03 18:08:02.337
38,1,2,3,1,0,0,,7,6124202,2025-02-04 12:22:02.186
39,1,1,0,0,0,0,,7,6124202,2025-02-04 13:27:02.320
40,2,2,2,0,0,0,,7,6124202,2025-02-04 13:29:44.248
41,1,5,2,0,0,0,,8,6089336,2025-02-04 13:56:02.991
42,1,0,1,0,0,0,,8,6089336,2025-02-04 15:32:47.454
43,1,2,2,0,0,0,,7,6124202,2025-02-04 16:24:47.765
44,2,2,2,0,0,0,,7,6124202,2025-02-04 16:40:28.337
45,1,47,0,0,0,0,,8,6089336,2025-02-04 18:35:27.869
46,1,2,1,0,0,0,,8,6089336,2025-02-04 19:27:23.441
47,1,59,5,0,0,0,,2,6092647,2025-02-05 06:47:55.399
48,2,0,1,1,0,0,,7,6124202,2025-02-05 12:13:36.725
49,1,1,0,0,0,0,,8,6089336,2025-02-05 12:17:46.033
50,1,59,5,0,0,0,,2,6092647,2025-02-05 15:37:23.849
51,2,316,29,3,0,0,,2,6092647,2025-02-05 15:45:04.780
52,1,0,1,0,0,0,,2,6092647,2025-02-05 15:46:55.863
53,1,1,1,0,0,0,,7,6124202,2025-02-05 17:07:28.811
54,2,1,1,0,0,0,,7,6124202,2025-02-05 17:07:47.498
55,1,44,9,0,0,0,,8,6089336,2025-02-05 20:01:42.765
56,1,3,2,2,0,0,,8,6089336,2025-02-06 10:31:53.905
57,1,0,1,0,0,0,,7,6124202,2025-02-06 11:21:28.070
58,2,0,1,0,0,0,,7,6124202,2025-02-06 11:21:51.591
59,1,2,0,0,0,0,,8,6089336,2025-02-06 12:01:06.960
60,1,45,4,3,0,0,,2,6092647,2025-02-06 12:43:04.448
61,1,47,44,8,0,0,,2,6092647,2025-02-06 13:20:11.552
62,2,106,49,8,0,0,,2,6092647,2025-02-06 13:26:42.213
63,1,24,10,7,0,0,"2409",22,6079834,2025-02-06 16:59:02.201
64,1,1,0,0,0,0,"2409",22,6079834,2025-02-06 16:59:47.657
65,2,24,10,7,0,0,,22,6079834,2025-02-06 17:00:19.537
66,1,1,0,0,0,0,,7,6124202,2025-02-06 18:52:51.905
67,2,1,0,0,0,0,,7,6124202,2025-02-06 19:47:15.813
68,2,1,0,0,0,0,,7,6124202,2025-02-06 20:36:56.503
69,1,12,3,0,0,0,,2,6092647,2025-02-06 23:06:59.542
70,2,20,4,2,0,0,,2,6092647,2025-02-06 23:14:09.339
71,1,7,3,0,0,0,,2,6092647,2025-02-07 10:38:05.234
72,2,29,4,1,0,0,,2,6092647,2025-02-07 10:42:12.301
73,1,7,0,0,0,0,,7,6124202,2025-02-07 18:48:26.713
74,2,8,0,0,0,0,,7,6124202,2025-02-07 18:48:45.646
75,2,0,1,0,0,0,,2,6092647,2025-02-07 19:26:19.735
76,1,29,1,0,0,0,,2,6092647,2025-02-07 19:26:40.781
77,2,24,0,0,0,0,,2,6092647,2025-02-07 19:31:52.054
78,1,23,0,0,0,0,,2,6092647,2025-02-08 09:24:24.204
79,2,16,0,0,0,0,,2,6092647,2025-02-08 09:25:57.557
80,1,0,1,0,0,0,,23,6089234,2025-02-08 17:10:58.167
81,1,7,0,0,0,0,,7,6124202,2025-02-08 21:00:55.235
82,2,2,0,0,0,0,,7,6124202,2025-02-08 21:01:17.856
83,1,9,0,0,0,0,,2,6092647,2025-02-08 22:54:45.359
84,2,11,0,0,0,0,,2,6092647,2025-02-08 22:56:15.458
85,2,13,0,0,0,0,,2,6092647,2025-02-09 15:12:05.509
86,1,125,23,3,0,0,,7,6124202,2025-02-09 23:30:12.348
87,2,38,1,0,0,0,,7,6124202,2025-02-09 23:30:55.339
88,1,12,1,0,0,0,,2,6092647,2025-02-09 23:37:30.739
89,1,31,0,0,0,0,,2,6092647,2025-02-09 23:39:05.012
90,2,31,0,0,0,0,,2,6092647,2025-02-09 23:40:28.697
91,2,4,0,0,0,0,,7,6124202,2025-02-09 23:47:23.424
92,1,41,1,0,0,0,,22,6079834,2025-02-10 00:16:32.739
93,2,3,0,0,0,0,,22,6079834,2025-02-10 00:17:37.748
94,2,1,0,0,0,0,,22,6079834,2025-02-10 09:43:48.645
95,2,38,1,0,0,0,,22,6079834,2025-02-10 10:28:55.470
96,2,73,16,3,0,0,,7,6124202,2025-02-10 16:40:15.460
97,1,2,0,0,0,0,,7,6124202,2025-02-10 16:40:54.636
98,2,5,0,0,0,0,,7,6124202,2025-02-10 16:41:10.829
99,2,8,0,0,0,0,,2,6092647,2025-02-10 18:19:32.480
100,2,0,3,0,0,0,,2,6092647,2025-02-11 02:33:00.505
101,1,13,3,9,0,0,,2,6092647,2025-02-11 02:34:26.334
102,2,16,0,0,0,0,,2,6092647,2025-02-11 02:36:31.763
103,1,1,0,0,0,0,,5,6102783,2025-02-11 13:13:46.507
104,1,3,3,0,0,0,,5,6102783,2025-02-11 14:37:56.143
105,1,7,0,0,0,0,,7,6124202,2025-02-11 16:12:26.701
106,2,12,6,0,0,0,,7,6124202,2025-02-11 16:13:01.469
107,1,1,0,0,0,0,,5,6102783,2025-02-11 17:14:03.486
108,1,3,0,0,0,0,,2,6092647,2025-02-11 18:10:47.622
109,1,1,0,0,0,0,,2,6092647,2025-02-11 18:11:41.616
110,2,3,0,0,0,0,,2,6092647,2025-02-11 18:15:08.677
111,2,1,0,0,0,0,,2,6092647,2025-02-11 18:16:24.739
112,1,1,0,0,0,0,,5,6102783,2025-02-11 18:20:19.313
113,1,4,1,0,0,0,,7,6124202,2025-02-12 15:54:29.102
114,2,4,0,0,0,0,,7,6124202,2025-02-12 15:54:57.683
115,2,5,0,0,0,0,,7,6124202,2025-02-12 16:29:34.830
116,1,64,0,0,0,0,,2,6092647,2025-02-12 19:27:05.871
117,1,0,3,9,0,0,,2,6092647,2025-02-12 19:28:44.780
118,2,0,6,18,0,0,,2,6092647,2025-02-12 21:54:19.583
119,2,3,0,0,0,0,,2,6092647,2025-02-12 21:56:22.964
120,2,21,0,0,0,0,,2,6092647,2025-02-12 21:59:43.495
121,1,3,0,0,0,0,,2,6092647,2025-02-12 22:00:31.084
122,2,30,0,0,0,0,,2,6092647,2025-02-12 22:01:14.598
123,1,28,0,0,0,0,,2,6092647,2025-02-12 22:02:10.014
124,2,2,0,0,0,0,,2,6092647,2025-02-12 22:03:20.575
125,1,1,0,0,0,0,,22,6079834,2025-02-13 16:26:05.943
126,1,1,1,0,0,0,,7,6124202,2025-02-13 16:57:28.559
127,2,2,2,0,0,0,,7,6124202,2025-02-13 16:57:57.317
128,1,0,1,0,0,0,,2,6092647,2025-02-13 21:39:13.979
129,1,17,0,0,0,0,,2,6092647,2025-02-13 21:52:34.577
130,2,15,0,0,0,0,,2,6092647,2025-02-13 21:56:03.306
131,2,0,1,0,0,0,,2,6092647,2025-02-13 21:56:58.294
132,1,14,0,0,0,0,,2,6092647,2025-02-13 22:00:11.289
133,2,25,0,0,0,0,,2,6092647,2025-02-13 22:01:27.373
134,1,0,1,0,0,0,,2,6092647,2025-02-13 22:02:33.006
135,1,9,0,0,0,0,,2,6092647,2025-02-13 22:07:25.787
136,2,17,0,0,0,0,,2,6092647,2025-02-13 22:10:31.727
137,1,2,0,0,0,0,,22,6079834,2025-02-14 15:05:06.983
138,2,1,0,0,0,0,,22,6079834,2025-02-14 15:05:44.757
139,1,6,0,0,0,0,,7,6124202,2025-02-14 17:32:53.250
140,2,5,0,0,0,0,,7,6124202,2025-02-14 17:33:19.498
141,2,1,0,0,0,0,,22,6079834,2025-02-14 18:52:31.682
142,1,0,0,0,1,0,,2,6092647,2025-02-14 18:54:46.504
143,1,21,0,0,0,0,,2,6092647,2025-02-14 19:01:53.321
144,2,17,0,0,0,0,,2,6092647,2025-02-14 19:03:28.241
145,1,20,0,0,0,0,,2,6092647,2025-02-14 19:45:01.637
146,2,12,0,0,0,0,,2,6092647,2025-02-14 19:46:52.237
147,1,7,1,0,0,0,,22,6079834,2025-02-15 12:43:00.131
148,2,2,0,0,0,0,,22,6079834,2025-02-15 17:01:02.279
149,1,11,0,0,0,0,,7,6124202,2025-02-15 17:25:14.483
150,2,11,0,0,0,0,,7,6124202,2025-02-15 17:25:29.840
151,2,0,1,0,1,0,,2,6092647,2025-02-15 20:18:25.913
152,1,38,0,0,0,0,,2,6092647,2025-02-15 20:21:41.061
153,2,28,0,0,0,0,,2,6092647,2025-02-15 20:22:56.755
154,2,23,0,0,0,0,,2,6092647,2025-02-15 20:24:00.190
155,2,4,0,0,0,0,,2,6092647,2025-02-15 20:26:08.008
156,1,1,1,0,0,0,,22,6079834,2025-02-16 10:55:47.953
157,2,3,1,0,0,0,,22,6079834,2025-02-16 13:00:53.081
158,2,2,0,0,0,0,,7,6124202,2025-02-16 13:44:18.649
159,1,2,0,0,0,0,,2,6092647,2025-02-16 13:55:35.850
160,2,4,0,0,0,0,,2,6092647,2025-02-16 13:58:21.002
161,2,3,0,0,0,0,,2,6092647,2025-02-16 14:02:24.955
162,2,15,0,0,0,0,,2,6092647,2025-02-16 17:17:10.798
163,2,1,0,0,0,0,,2,6092647,2025-02-16 21:28:21.516
164,2,0,1,0,0,0,,22,6079834,2025-02-17 11:18:31.147
165,1,1,0,0,0,0,,22,6079834,2025-02-17 13:17:54.394
166,1,35,4,4,0,0,,8,6102783,2025-02-17 13:52:10.375
167,2,43,15,2,0,0,,8,6102783,2025-02-17 13:56:30.303
168,2,43,4,2,0,0,,8,6102783,2025-02-17 13:59:26.256
169,2,1,0,0,0,0,,22,6079834,2025-02-17 14:12:56.474
170,1,1,0,0,0,0,,22,6079834,2025-02-17 14:13:09.152
171,2,2,0,0,0,0,,22,6079834,2025-02-17 14:13:29.089
172,1,3,0,0,0,0,,7,6124202,2025-02-17 17:34:14.105
173,2,1,0,0,0,0,,7,6124202,2025-02-17 17:34:30.121
174,1,5,0,0,0,0,,2,6092647,2025-02-17 21:06:12.664
175,2,6,0,0,0,0,,2,6092647,2025-02-17 21:06:50.158
176,2,1,0,0,0,0,,7,6124202,2025-02-18 11:40:14.463
177,2,3,0,0,0,0,,22,6079834,2025-02-18 12:57:22.633
178,1,6,0,0,0,0,,7,6124202,2025-02-18 12:59:01.652
179,2,5,0,0,0,0,,7,6124202,2025-02-18 16:36:58.375
180,1,2,0,0,0,0,,22,6079834,2025-02-18 16:41:02.622
181,2,2,0,0,0,0,,22,6079834,2025-02-18 17:59:04.433
182,2,2,0,0,0,0,,7,6124202,2025-02-18 18:18:14.383
183,1,2,0,0,0,0,,2,6092647,2025-02-18 20:37:59.594
184,2,2,0,0,0,0,,2,6092647,2025-02-18 20:38:54.032
185,1,3,1,0,0,0,,7,6124202,2025-02-19 17:14:30.146
186,2,0,1,0,0,0,,7,6124202,2025-02-19 17:14:47.244
187,1,0,1,0,0,0,,7,6124202,2025-02-19 17:15:29.235
188,2,3,0,0,0,0,,7,6124202,2025-02-19 17:16:21.749
189,1,1,0,0,0,0,,22,6079834,2025-02-19 17:45:50.382
190,1,32,0,0,0,0,,2,6092647,2025-02-19 17:50:10.666
191,1,18,0,0,0,0,,2,6092647,2025-02-19 17:50:52.241
192,2,26,0,0,0,0,,2,6092647,2025-02-19 17:52:25.591
193,1,25,0,0,0,0,,2,6092647,2025-02-19 19:49:55.202
194,1,0,2,0,0,0,,2,6092647,2025-02-19 19:50:39.172
195,1,2,0,0,0,0,,2,6092647,2025-02-20 02:04:33.610
196,2,0,1,0,0,0,,2,6092647,2025-02-20 02:05:13.616
197,2,39,0,0,0,0,,2,6092647,2025-02-20 02:06:20.273
198,1,8,0,0,0,0,,2,6092647,2025-02-20 10:37:41.378
199,1,4,0,0,0,0,,22,6079834,2025-02-20 16:40:54.478
200,1,1,0,0,0,0,,22,6079834,2025-02-20 17:37:48.095
201,2,1,0,0,0,0,,22,6079834,2025-02-20 18:44:04.665
202,1,7,1,0,0,0,,12,6096343,2025-02-20 20:33:04.008
203,2,0,1,0,0,0,,2,6092647,2025-02-20 22:23:37.903
204,1,31,0,0,0,0,,2,6092647,2025-02-20 22:24:21.120
205,2,30,0,0,0,0,,2,6092647,2025-02-20 22:25:02.050
206,1,2,1,0,0,0,,7,6124202,2025-02-21 08:12:08.427
207,2,2,2,0,0,0,,7,6124202,2025-02-21 08:12:37.563
208,1,2,0,0,0,0,,12,6096343,2025-02-21 10:41:28.094
209,1,3,0,0,0,0,,22,6079834,2025-02-21 11:33:29.279
210,2,4,0,0,0,0,,22,6079834,2025-02-21 12:04:41.182
211,2,2,0,0,0,0,,22,6079834,2025-02-21 13:05:30.272
212,1,5,0,0,0,0,,5,6081229,2025-02-21 13:36:27.598
213,2,9,0,0,0,0,,5,6081229,2025-02-21 13:37:02.664
214,2,0,3,0,0,0,,5,6081229,2025-02-21 13:37:23.246
215,1,3,0,0,0,0,,5,6081229,2025-02-21 13:37:34.886
216,2,1,0,0,0,0,,22,6079834,2025-02-21 13:52:00.199
217,1,2,1,0,0,0,,12,6096343,2025-02-21 14:23:18.047
218,1,2,0,0,0,0,,22,6079834,2025-02-21 16:48:06.155
219,1,1,0,0,0,0,,22,6079834,2025-02-21 17:35:22.495
220,2,3,0,0,0,0,,22,6079834,2025-02-21 18:02:55.209
221,1,5,0,0,0,0,,2,6092647,2025-02-21 18:24:15.934
222,1,33,0,0,0,0,,2,6092647,2025-02-21 18:45:20.919
223,2,13,0,0,0,0,,2,6092647,2025-02-21 18:47:40.361
224,2,20,0,0,0,0,,2,6092647,2025-02-21 18:49:10.555
225,2,4,0,0,0,0,,5,6081229,2025-02-21 19:56:53.647
226,1,19,1,0,0,0,,7,6124202,2025-02-21 20:59:50.314
227,2,14,1,0,0,0,,7,6124202,2025-02-21 21:00:59.143
228,1,14,2,0,0,0,,12,6096343,2025-02-21 21:23:52.638
229,2,1,0,0,0,0,,22,6079834,2025-02-21 21:24:20.283
230,1,1,0,0,0,0,,5,6081229,2025-02-21 21:32:10.095
231,1,26,0,0,0,0,,12,6096343,2025-02-21 22:29:21.444
232,1,4,0,0,0,0,,2,6092647,2025-02-21 23:30:23.403
233,2,8,0,0,0,0,,2,6092647,2025-02-21 23:30:50.162
234,1,1,0,0,0,0,,22,6079834,2025-02-22 08:25:55.972
235,1,4,0,0,0,0,,12,6096343,2025-02-22 10:17:00.384
236,1,15,0,0,0,0,,2,6092647,2025-02-22 10:54:53.159
237,2,8,0,0,0,0,,2,6092647,2025-02-22 10:55:27.147
238,2,4,0,0,0,0,,7,6124202,2025-02-22 11:39:56.853
239,1,1,0,0,0,0,,12,6096343,2025-02-22 11:58:30.234
240,2,1,0,0,0,0,,22,6079834,2025-02-22 15:28:09.319
241,1,1,0,0,0,0,,12,6096343,2025-02-22 17:14:34.885
242,1,1,0,0,0,0,,7,6124202,2025-02-22 18:51:29.431
243,1,10,0,0,0,0,,2,6092647,2025-02-22 21:57:08.751
244,2,18,0,0,0,0,,2,6092647,2025-02-22 21:57:44.073
245,2,7,0,0,0,0,,2,6092647,2025-02-22 21:58:20.060
246,2,2,0,0,0,0,,5,6081229,2025-02-23 08:09:30.240
247,1,0,1,1,0,0,,22,6079834,2025-02-23 10:33:41.218
248,1,1,0,0,0,0,,22,6079834,2025-02-23 10:33:55.728
249,1,5,1,0,0,0,,22,6079834,2025-02-23 14:42:16.132
250,1,1,0,0,0,0,,22,6079834,2025-02-23 15:35:17.103
251,2,1,0,0,0,0,,22,6079834,2025-02-23 16:15:07.160
252,2,0,1,0,0,0,,22,6079834,2025-02-23 16:55:28.284
253,2,1,0,0,0,0,,22,6079834,2025-02-23 16:58:47.624
254,2,2,0,0,0,0,,22,6079834,2025-02-23 17:15:46.906
255,1,22,0,0,0,0,,2,6092647,2025-02-23 17:54:47.998
256,2,21,0,0,0,0,,2,6092647,2025-02-23 17:56:20.942
257,2,3,0,0,0,0,,2,6092647,2025-02-23 21:18:54.166
258,1,8,0,0,0,0,,2,6092647,2025-02-24 09:42:29.509
259,2,4,0,0,0,0,,2,6092647,2025-02-24 09:42:56.608
260,1,1,0,0,0,0,,22,6079834,2025-02-24 10:26:54.943
261,1,1,0,0,0,0,,7,6124202,2025-02-24 11:19:52.090
262,1,0,1,0,0,0,,7,6124202,2025-02-24 11:20:11.231
263,2,1,1,0,0,0,,7,6124202,2025-02-24 11:20:42.251
264,2,1,0,0,0,0,,22,6079834,2025-02-24 11:52:37.869
265,1,1,0,0,0,0,,22,6079834,2025-02-24 13:30:58.481
266,2,1,0,0,0,0,,22,6079834,2025-02-24 14:58:43.245
267,2,2,0,0,0,0,,22,6079834,2025-02-24 17:10:06.941
268,2,9,0,0,0,0,,2,6092647,2025-02-24 17:53:10.818
269,1,7,0,0,0,0,,2,6092647,2025-02-24 23:50:01.383
270,1,12,0,0,0,0,,2,6092647,2025-02-24 23:50:29.175
271,2,24,0,0,0,0,,2,6092647,2025-02-24 23:51:09.113
272,1,7,1,0,0,0,,12,6096343,2025-02-25 10:44:17.285
273,2,1,1,1,0,0,,22,6079834,2025-02-25 15:21:58.780
274,1,33,0,0,0,0,,12,6096343,2025-02-25 19:32:14.605
275,1,0,1,2,0,0,,2,6092647,2025-02-25 19:45:00.982
276,1,2,0,0,0,0,,2,6092647,2025-02-25 19:45:38.429
277,1,17,2,0,0,0,,12,6096343,2025-02-25 21:39:57.514
278,1,38,0,0,0,0,,2,6092647,2025-02-25 23:25:25.859
279,1,1,0,0,0,0,,2,6092647,2025-02-25 23:25:52.339
280,2,1,0,0,0,0,,2,6092647,2025-02-25 23:26:32.905
281,1,1,0,0,0,0,,7,6124202,2025-02-26 08:20:44.267
282,2,1,0,0,0,0,,7,6124202,2025-02-26 08:21:00.532
283,1,4,0,0,0,0,,2,6092647,2025-02-26 10:05:08.425
284,2,2,0,0,0,0,,2,6092647,2025-02-26 10:06:03.370
285,1,0,1,0,0,0,,22,6079834,2025-02-26 10:21:32.217
286,1,2,1,0,0,0,,5,6081229,2025-02-26 13:36:20.006
287,2,0,1,0,0,0,,22,6079834,2025-02-26 13:45:26.217
288,2,2,1,0,0,0,,5,6081229,2025-02-26 18:43:23.360
289,1,1,0,0,0,0,,5,6081229,2025-02-26 18:43:38.306
290,1,8,0,0,0,0,,7,6124202,2025-02-26 19:43:43.701
291,2,8,0,0,0,0,,7,6124202,2025-02-26 19:44:01.417
292,1,12,0,0,0,0,,2,6092647,2025-02-26 22:31:10.364
293,2,32,0,0,0,0,,2,6092647,2025-02-26 22:31:55.530
294,1,8,0,0,0,0,,2,6092647,2025-02-27 07:29:31.248
295,1,0,1,2,0,0,,2,6092647,2025-02-27 07:29:50.058
296,2,0,2,4,0,0,,2,6092647,2025-02-27 07:30:12.853
297,2,12,0,0,0,0,,2,6092647,2025-02-27 07:30:42.405
298,1,2,1,1,0,0,,22,6079834,2025-02-27 11:53:32.310
299,1,1,0,0,0,0,,22,6079834,2025-02-27 12:35:49.683
300,2,1,0,0,0,0,,22,6079834,2025-02-27 12:43:52.114
301,2,1,0,0,0,0,,22,6079834,2025-02-27 14:32:19.462
302,1,1,1,0,0,0,,7,6124202,2025-02-27 19:42:59.676
303,2,1,1,0,0,0,,7,6124202,2025-02-27 19:43:23.161
304,1,15,0,0,0,0,,2,6092647,2025-02-27 23:14:30.066
305,2,21,0,0,0,0,,2,6092647,2025-02-27 23:14:55.673
306,1,1,0,0,0,0,,22,6079834,2025-02-28 09:37:15.425
307,1,6,0,0,0,0,,2,6092647,2025-02-28 10:03:30.451
308,2,2,0,0,0,0,,2,6092647,2025-02-28 10:04:34.953
309,1,5,0,0,0,0,,12,6096343,2025-02-28 10:16:03.279
310,2,1,0,0,0,0,,22,6079834,2025-02-28 12:16:27.813
311,1,1,0,0,0,0,,7,6124202,2025-02-28 13:57:29.207
312,1,3,2,1,0,0,,22,6079834,2025-02-28 14:16:20.036
313,1,0,1,0,0,0,,22,6079834,2025-02-28 15:33:37.839
314,2,1,0,0,0,0,,22,6079834,2025-02-28 16:02:00.773
315,2,1,0,0,0,0,,22,6079834,2025-02-28 16:32:31.022
316,1,41,0,0,0,0,,2,6092647,2025-02-28 19:27:57.664
317,2,34,0,0,0,0,,2,6092647,2025-02-28 19:28:33.348
318,1,2,1,0,0,0,,7,6124202,2025-02-28 20:32:38.481
319,2,2,1,0,0,0,,7,6124202,2025-02-28 20:33:08.220
320,1,9,0,0,0,0,,2,6092647,2025-02-28 21:20:15.369
321,2,21,0,0,0,0,,2,6092647,2025-02-28 21:21:18.939
322,1,25,2,0,0,0,,12,6096343,2025-02-28 21:33:52.934
323,2,2,1,1,0,0,,22,6079834,2025-02-28 22:13:34.442
324,2,0,1,0,0,0,,22,6079834,2025-03-01 07:19:42.679
325,2,0,1,0,0,0,,22,6079834,2025-03-01 07:23:23.828
326,1,1,0,0,0,0,,22,6079834,2025-03-01 07:23:43.030
327,1,17,0,0,0,0,,2,6092647,2025-03-01 09:40:10.723
328,2,11,0,0,0,0,,2,6092647,2025-03-01 09:40:36.859
329,1,1,0,0,0,0,,22,6079834,2025-03-01 11:33:50.518
330,1,12,0,0,0,0,,12,6096343,2025-03-01 12:15:23.020
331,1,1,0,0,0,0,,22,6079834,2025-03-01 12:39:27.789
332,2,1,0,0,0,0,,22,6079834,2025-03-01 12:40:01.713
333,2,1,0,0,0,0,,7,6124202,2025-03-01 12:40:25.110
334,2,1,0,0,0,0,,22,6079834,2025-03-01 14:48:08.496
335,2,1,0,0,0,0,,22,6079834,2025-03-01 16:36:50.072
336,1,12,0,0,0,0,,2,6092647,2025-03-01 17:38:32.846
337,2,12,0,0,0,0,,2,6092647,2025-03-01 17:39:09.248
338,2,0,1,1,0,0,,22,6079834,2025-03-02 08:10:43.487
339,1,5,0,0,0,0,,2,6092647,2025-03-02 10:33:05.307
340,2,11,0,0,0,0,,2,6092647,2025-03-02 10:33:29.301
341,1,1,0,0,0,0,,22,6079834,2025-03-02 10:39:23.668
342,2,1,0,0,0,0,,7,6124202,2025-03-02 12:27:52.985
343,1,0,3,0,0,0,,22,6079834,2025-03-02 16:21:41.833
344,2,1,0,0,0,0,,7,6124202,2025-03-02 18:01:51.038
345,2,1,0,0,0,0,,22,6079834,2025-03-03 07:10:53.469
346,1,4,0,0,0,0,,2,6092647,2025-03-03 08:55:20.839
347,2,2,0,0,0,0,,2,6092647,2025-03-03 08:56:25.032
348,1,1,0,0,0,0,,12,6096343,2025-03-03 10:11:17.742
349,1,2,1,0,0,0,,22,6079834,2025-03-03 10:12:59.879
350,2,0,3,0,0,0,,22,6079834,2025-03-03 10:49:12.489
351,1,9,3,3,0,0,,5,6081229,2025-03-03 11:16:29.325
352,2,10,3,3,0,0,,5,6081229,2025-03-03 11:16:56.699
353,2,2,0,0,0,0,,22,6079834,2025-03-03 11:46:04.014
354,2,0,1,0,0,0,,22,6079834,2025-03-03 11:54:06.566
355,1,19,0,0,0,0,,7,6124202,2025-03-03 12:41:04.603
356,2,19,0,0,0,0,,7,6124202,2025-03-03 12:41:19.042
357,1,1,0,0,0,0,,22,6079834,2025-03-03 13:29:37.382
358,2,1,0,0,0,0,,22,6079834,2025-03-03 14:47:28.564
359,1,2,0,0,0,0,,12,6096343,2025-03-03 15:13:15.196
360,1,4,1,0,0,0,,2,6092647,2025-03-03 19:28:49.537
361,2,16,0,0,0,0,,2,6092647,2025-03-03 19:29:27.818
362,1,2,0,0,0,0,,7,6124202,2025-03-03 20:35:13.074
363,2,2,0,0,0,0,,7,6124202,2025-03-03 20:35:30.905
364,1,16,3,0,0,0,,12,6096343,2025-03-03 21:18:33.662
365,1,4,0,0,0,0,,2,6092647,2025-03-03 23:47:04.934
366,2,4,0,0,0,0,,2,6092647,2025-03-03 23:47:38.369
367,1,6,0,0,0,0,,22,6079834,2025-03-04 11:09:39.436
368,2,1,0,0,0,0,,22,6079834,2025-03-04 12:01:42.218
369,2,2,0,0,0,0,,22,6079834,2025-03-04 14:24:45.150
370,1,1,0,0,0,0,,22,6079834,2025-03-04 16:03:22.172
371,1,9,0,0,0,0,,2,6092647,2025-03-04 21:16:13.650
372,2,7,1,0,0,0,,2,6092647,2025-03-04 21:17:02.473
373,2,1,0,0,0,0,,22,6079834,2025-03-04 22:31:04.860
374,1,0,9,4,0,0,,2,6092647,2025-03-05 06:52:02.457
375,1,0,0,1,0,0,,2,6092647,2025-03-05 06:53:03.149
376,1,78,0,0,0,0,,2,6092647,2025-03-05 06:54:23.182
377,2,0,7,5,0,0,,2,6092647,2025-03-05 06:55:37.510
378,2,15,0,0,0,0,,2,6092647,2025-03-05 06:56:15.481
379,2,1,0,0,0,0,,22,6079834,2025-03-05 16:30:50.972
380,1,17,0,0,0,0,,2,6092647,2025-03-06 02:39:57.152
381,1,9,0,0,0,0,,2,6092647,2025-03-06 02:40:17.851
382,2,0,1,0,0,0,,2,6092647,2025-03-06 02:41:04.480
383,2,65,0,0,0,0,,2,6092647,2025-03-06 02:42:52.205
384,2,1,0,0,0,0,,2,6092647,2025-03-06 02:43:41.468
385,1,3,0,0,0,0,,2,6092647,2025-03-06 02:46:24.302
386,2,2,0,0,0,0,,22,6079834,2025-03-06 08:36:54.045
387,1,1,0,0,0,0,,2,6092647,2025-03-06 09:45:51.972
388,2,4,1,0,0,0,,2,6092647,2025-03-06 09:47:32.043
389,1,6,0,0,0,0,,22,6079834,2025-03-06 13:39:35.990
390,2,6,0,0,0,0,,22,6079834,2025-03-06 13:40:06.222
391,1,12,0,0,0,0,,17,6089039,2025-03-06 13:52:11.173
392,1,18,4,0,0,0,,12,6096343,2025-03-06 17:09:32.187
393,1,2,0,0,0,0,,22,6079834,2025-03-06 18:06:26.562
394,2,2,0,0,0,0,,22,6079834,2025-03-06 18:22:39.615
395,1,7,1,0,0,0,,7,6124202,2025-03-06 19:59:09.376
396,2,7,1,0,0,0,,7,6124202,2025-03-06 19:59:34.422
397,1,10,1,0,0,0,,12,6096343,2025-03-06 21:09:36.178
398,1,17,5,0,0,0,,2,6092647,2025-03-07 08:20:25.918
399,1,2,0,0,0,0,,2,6092647,2025-03-07 08:20:51.112
400,2,26,5,0,0,0,,2,6092647,2025-03-07 08:21:33.418
401,2,5,0,0,0,0,,2,6092647,2025-03-07 08:22:12.626
402,1,1,1,0,0,0,,5,6081229,2025-03-07 08:48:32.892
403,1,2,0,0,0,0,,12,6096343,2025-03-07 10:16:36.314
404,1,209,17,0,0,0,,14,6096343,2025-03-07 10:17:14.161
405,1,208,18,0,0,0,,12,6096343,2025-03-07 12:43:15.266
406,1,1,0,0,0,0,,22,6079834,2025-03-07 13:13:31.697
407,1,5,0,0,0,0,,17,6089039,2025-03-07 13:39:46.922
408,2,1,0,0,0,0,,22,6079834,2025-03-07 14:11:34.806
409,1,1,0,0,0,0,,22,6079834,2025-03-07 15:13:58.421
410,1,13,0,0,0,0,,2,6092647,2025-03-07 15:19:49.781
411,2,4,0,0,0,0,,2,6092647,2025-03-07 15:20:33.103
412,2,1,0,0,0,0,,22,6079834,2025-03-07 15:58:09.700
413,1,4,0,0,0,0,,7,6124202,2025-03-07 19:25:21.171
414,2,1,0,0,0,0,,7,6124202,2025-03-07 19:25:36.050
415,1,2,1,0,0,0,,5,6081229,2025-03-07 20:57:53.539
416,1,0,11,0,0,0,,2,6092647,2025-03-07 21:33:09.189
417,1,80,0,0,0,0,,2,6092647,2025-03-07 21:34:09.043
418,1,1,0,0,0,0,,2,6092647,2025-03-07 21:34:21.348
419,2,0,9,0,0,0,,2,6092647,2025-03-07 21:35:31.557
420,2,62,0,0,0,0,,2,6092647,2025-03-07 21:35:58.198
421,1,12,0,0,0,0,,2,6092647,2025-03-08 02:01:17.478
422,2,6,0,0,0,0,,2,6092647,2025-03-08 02:02:05.055
423,2,2,0,0,0,0,,2,6092647,2025-03-08 02:03:18.199
424,1,1,0,0,0,0,,22,6079834,2025-03-08 09:58:52.501
425,2,1,0,0,0,0,,22,6079834,2025-03-08 14:41:41.163
426,1,1,0,0,0,0,,22,6079834,2025-03-08 15:20:00.081
427,2,1,0,0,0,0,,22,6079834,2025-03-08 16:01:05.067
428,1,0,4,0,0,0,,2,6092647,2025-03-08 17:01:59.170
429,1,0,0,3,0,0,,2,6092647,2025-03-08 17:37:51.780
430,1,31,0,0,0,0,,2,6092647,2025-03-08 17:38:31.827
431,2,0,4,3,0,0,,2,6092647,2025-03-08 17:39:04.824
432,2,40,0,0,0,0,,2,6092647,2025-03-08 17:39:34.984
433,2,17,1,0,0,0,,2,6092647,2025-03-08 21:02:57.498
434,1,1,0,0,0,0,,22,6079834,2025-03-09 11:49:52.234
435,2,1,0,0,0,0,,22,6079834,2025-03-09 12:24:33.075
436,2,12,1,0,0,0,,2,6092647,2025-03-09 13:34:53.793
437,2,3,0,0,0,0,,7,6124202,2025-03-09 18:09:21.339
438,1,3,0,0,0,0,,12,6096343,2025-03-09 20:52:07.901
439,1,21,1,0,0,0,,2,6092647,2025-03-09 21:19:20.316
440,1,4,0,0,0,0,,2,6092647,2025-03-09 21:20:00.921
441,2,22,1,0,0,0,,2,6092647,2025-03-09 21:20:43.596
442,2,2,2,0,0,0,,5,6081229,2025-03-10 00:05:27.385
443,1,2,0,0,0,0,,22,6079834,2025-03-10 09:50:39.863
444,1,1,0,0,0,0,,22,6079834,2025-03-10 10:57:45.020
445,1,2,0,0,0,0,,17,6089039,2025-03-10 12:00:49.443
446,2,11,0,0,0,0,,2,6092647,2025-03-10 12:23:55.329
447,2,2,0,0,0,0,,22,6079834,2025-03-10 12:31:17.899
448,1,3,0,0,0,0,,12,6096343,2025-03-10 13:31:31.623
449,1,1,0,0,0,0,,12,6096343,2025-03-10 14:53:47.127
450,1,17,1,1,0,0,,12,6096343,2025-03-10 18:31:26.705
451,1,8,2,0,0,0,,2,6092647,2025-03-10 20:59:46.406
452,2,10,2,0,0,0,,2,6092647,2025-03-10 21:00:24.882
453,1,6,0,0,0,0,,2,6092647,2025-03-10 23:20:53.848
454,2,1,0,0,0,0,,22,6079834,2025-03-11 08:35:52.606
455,2,2,0,0,0,0,,2,6092647,2025-03-11 09:23:20.016
456,1,0,1,0,0,0,,7,6124202,2025-03-11 12:34:40.379
457,1,1,1,0,0,0,,22,6079834,2025-03-11 14:46:08.047
458,2,1,1,0,0,0,,22,6079834,2025-03-11 15:01:12.316
459,1,14,2,0,0,0,,2,6092647,2025-03-11 17:24:47.105
460,1,1,0,0,0,0,,7,6124202,2025-03-11 17:25:43.623
461,2,17,0,0,0,0,,2,6092647,2025-03-11 17:27:20.595
462,2,0,1,0,0,0,,7,6124202,2025-03-11 18:36:39.946
463,2,1,2,0,0,0,,2,6092647,2025-03-12 08:26:52.456
464,1,39,3,0,0,0,,2,6092647,2025-03-12 08:27:45.842
465,1,17,0,0,0,0,,2,6092647,2025-03-12 08:28:37.829
466,2,17,0,0,0,0,,2,6092647,2025-03-12 08:29:30.220
467,1,6,0,0,0,0,,12,6096343,2025-03-12 09:07:43.296
468,1,1,0,0,0,0,,22,6079834,2025-03-12 10:21:23.284
469,1,2,0,0,0,0,,22,6079834,2025-03-12 10:21:55.680
470,2,2,0,0,0,0,,22,6079834,2025-03-12 11:21:15.631
471,1,1,0,0,0,0,,22,6079834,2025-03-12 14:40:52.395
472,1,0,1,0,0,0,,22,6079834,2025-03-12 16:30:10.051
473,2,1,0,0,0,0,,22,6079834,2025-03-12 16:30:23.319
474,2,0,1,0,0,0,,22,6079834,2025-03-12 16:59:58.827
475,1,0,1,0,0,0,,7,6124202,2025-03-12 17:28:51.325
476,1,3,0,0,0,0,,7,6124202,2025-03-12 17:29:38.567
477,1,3,1,1,0,0,,7,6124202,2025-03-12 17:30:15.029
478,1,35,2,0,0,0,,2,6092647,2025-03-12 18:56:32.346
479,2,58,0,0,0,0,,2,6092647,2025-03-12 18:57:43.809
480,2,0,3,0,0,0,,2,6092647,2025-03-12 18:58:03.915
481,1,2,2,0,0,0,,5,6081229,2025-03-12 19:25:21.516
482,1,35,2,0,0,0,,12,6096343,2025-03-12 21:18:54.806
483,1,1,0,0,0,0,,5,6081229,2025-03-12 23:55:19.727
484,2,0,2,0,0,0,,5,6081229,2025-03-12 23:55:35.058
485,1,0,1,1,0,0,,2,6092647,2025-03-13 00:03:21.302
486,1,5,0,0,0,0,,2,6092647,2025-03-13 00:04:33.775
487,1,3,0,0,0,0,,2,6092647,2025-03-13 00:10:13.416
488,1,0,3,1,0,0,,2,6092647,2025-03-13 00:10:46.272
489,2,0,6,2,0,0,,2,6092647,2025-03-13 00:11:39.600
490,2,1,0,0,0,0,,22,6079834,2025-03-13 08:34:00.749
491,1,1,0,0,0,0,,22,6079834,2025-03-13 10:05:55.096
492,1,7,2,0,0,0,,12,6096343,2025-03-13 10:10:20.888
493,1,1,0,0,0,0,,12,6096343,2025-03-13 11:23:31.061
494,2,0,1,1,0,0,,7,6124202,2025-03-13 11:33:47.519
495,2,1,0,0,0,0,,22,6079834,2025-03-13 12:03:50.467
496,1,4,0,0,0,0,,12,6096343,2025-03-13 12:35:13.302
497,1,1,0,0,0,0,,22,6079834,2025-03-13 13:55:21.785
498,1,9,0,0,0,0,,17,6089039,2025-03-13 14:21:41.607
499,2,1,0,0,0,0,,22,6079834,2025-03-13 14:27:20.284
500,2,5,0,0,0,0,,7,6124202,2025-03-13 17:44:24.949
501,2,2,1,0,0,0,,7,6124202,2025-03-13 17:45:04.697
502,1,0,3,0,0,0,,2,6092647,2025-03-13 19:38:05.720
503,1,9,0,0,0,0,,2,6092647,2025-03-13 19:38:23.354
504,2,0,3,0,0,0,,2,6092647,2025-03-13 19:38:59.592
505,2,8,0,0,0,0,,2,6092647,2025-03-13 19:39:41.823
506,1,0,3,0,0,0,,2,6092647,2025-03-13 21:16:39.296
507,1,8,0,0,0,0,,2,6092647,2025-03-13 21:17:30.418
508,2,22,3,0,0,0,,2,6092647,2025-03-13 21:18:12.589
509,2,3,0,0,0,0,,5,6081229,2025-03-14 09:17:45.479
510,1,3,1,0,0,0,,2,6092647,2025-03-14 09:18:00.674
511,1,0,1,0,0,0,,22,6079834,2025-03-14 11:33:47.492
512,2,0,1,0,0,0,,22,6079834,2025-03-14 13:26:02.157
513,1,6,0,0,0,0,,7,6124202,2025-03-14 18:34:43.278
514,2,2,0,0,0,0,,7,6124202,2025-03-14 18:35:00.993
515,1,0,2,0,0,0,,2,6092647,2025-03-14 23:37:59.773
516,1,24,0,0,0,0,,2,6092647,2025-03-14 23:38:24.486
517,2,21,3,0,0,0,,2,6092647,2025-03-14 23:39:49.506
518,1,21,0,0,0,0,,17,5641299,2025-03-15 09:05:20.223
519,2,16,0,0,0,0,,17,5641299,2025-03-15 09:05:35.262
520,1,1,0,0,0,0,,20,5641299,2025-03-15 09:20:47.561
521,1,32,5,0,0,0,,12,6096343,2025-03-15 15:07:00.512
522,1,19,2,0,0,0,,2,6092647,2025-03-15 17:54:33.240
523,2,32,2,0,0,0,,2,6092647,2025-03-15 17:55:54.306
524,1,3,0,0,0,0,,2,6092647,2025-03-15 23:28:20.414
525,1,0,1,0,0,0,,12,6096343,2025-03-16 08:19:51.052
526,1,1,0,0,0,0,,12,6096343,2025-03-16 13:08:10.376
527,1,13,1,0,0,0,,2,6092647,2025-03-16 20:48:49.809
528,2,18,1,0,0,0,,2,6092647,2025-03-16 20:49:35.657
529,1,1,0,0,0,0,,2,6092647,2025-03-17 07:30:28.105
530,1,0,1,0,0,0,,22,6079834,2025-03-17 09:59:17.278
531,1,0,1,0,0,0,,22,6079834,2025-03-17 10:10:40.254
532,2,0,1,0,0,0,,22,6079834,2025-03-17 12:48:40.608
533,2,0,1,0,0,0,,22,6079834,2025-03-17 16:08:51.485
534,1,1,0,0,0,0,,22,6079834,2025-03-17 16:09:07.757
535,2,1,0,0,0,0,,22,6079834,2025-03-17 16:39:52.675
536,1,2,0,0,0,0,,2,6092647,2025-03-17 17:48:40.620
537,2,7,0,0,0,0,,2,6092647,2025-03-17 17:49:08.251
538,2,4,0,0,0,0,,7,6124202,2025-03-17 19:59:07.619
539,1,2,1,0,0,0,,7,6124202,2025-03-17 19:59:42.328
540,2,2,1,0,0,0,,7,6124202,2025-03-17 20:00:12.675
541,1,14,0,0,0,0,,2,6092647,2025-03-17 22:41:42.952
542,2,3,0,0,0,0,,2,6092647,2025-03-17 22:42:22.445
543,1,2,0,0,0,0,,2,6092647,2025-03-17 23:21:11.200
544,2,1,0,0,0,0,,2,6092647,2025-03-17 23:21:48.760
545,1,1,0,0,0,0,,22,6079834,2025-03-18 10:53:00.052
546,2,1,0,0,0,0,,22,6079834,2025-03-18 12:06:49.028
547,1,1,1,2,0,0,,22,6079834,2025-03-18 12:55:09.187
548,1,0,1,0,0,0,,22,6079834,2025-03-18 15:41:03.662
549,1,29,3,0,0,0,,17,6089039,2025-03-18 15:52:25.028
550,1,14,1,0,0,0,,2,6092647,2025-03-18 18:04:34.729
551,1,1,0,0,0,0,,2,6092647,2025-03-18 18:04:50.417
552,2,18,1,0,0,0,,2,6092647,2025-03-18 18:05:47.779
553,2,0,1,0,0,0,,22,6079834,2025-03-18 19:40:03.941
554,1,28,1,0,0,0,,2,6092647,2025-03-18 23:05:13.184
555,1,9,0,0,0,0,,2,6092647,2025-03-18 23:05:59.517
556,2,7,0,0,0,0,,2,6092647,2025-03-18 23:06:35.820
557,1,45,0,0,0,0,,2,6092647,2025-03-19 02:10:48.256
558,2,1,1,2,0,0,,22,6079834,2025-03-19 10:04:37.373
559,1,1,0,0,0,0,,22,6079834,2025-03-19 12:57:20.166
560,1,1,0,0,0,0,,22,6079834,2025-03-19 13:00:05.235
561,2,1,0,0,0,0,,22,6079834,2025-03-19 15:25:54.219
562,1,1,0,0,0,0,,22,6079834,2025-03-19 15:50:03.256
563,2,2,0,0,0,0,,22,6079834,2025-03-19 18:13:17.726
564,1,16,2,0,0,0,,2,6092647,2025-03-20 01:05:43.594
565,1,10,0,0,0,0,,2,6092647,2025-03-20 01:06:11.438
566,2,100,3,0,0,0,,2,6092647,2025-03-20 01:06:58.312
567,1,1,0,0,0,0,,22,6079834,2025-03-20 08:32:51.116
568,1,1,0,0,0,0,,22,6079834,2025-03-20 08:55:28.586
569,1,1,0,0,0,0,,22,6079834,2025-03-20 10:21:55.986
570,2,2,0,0,0,0,,22,6079834,2025-03-20 12:08:01.339
571,1,2,1,0,0,0,,7,6124202,2025-03-20 17:29:20.909
572,2,1,1,0,0,0,,7,6124202,2025-03-20 17:30:11.757
573,1,1,0,0,0,0,,22,6079834,2025-03-20 17:31:03.613
574,2,1,0,0,0,0,,22,6079834,2025-03-20 17:46:13.173
575,1,14,2,0,0,0,,2,6092647,2025-03-20 17:49:12.418
576,2,26,2,0,0,0,,2,6092647,2025-03-20 17:49:52.811
577,1,7,3,0,0,0,,2,6092647,2025-03-20 23:29:20.053
578,1,6,0,0,0,0,,2,6092647,2025-03-20 23:29:45.302
579,2,4,0,0,0,0,,2,6092647,2025-03-20 23:30:31.342
580,2,1,0,0,0,0,,22,6079834,2025-03-21 07:28:07.249
581,1,2,0,0,0,0,,22,6079834,2025-03-21 11:53:31.773
582,2,1,0,0,0,0,,22,6079834,2025-03-21 11:54:18.267
583,1,1,0,0,0,0,,22,6079834,2025-03-21 13:38:02.777
584,1,1,0,0,0,0,,22,6079834,2025-03-21 13:38:35.049
585,2,2,0,0,0,0,,22,6079834,2025-03-21 14:13:54.870
586,1,5,1,0,0,0,,17,6089039,2025-03-21 14:55:14.450
587,2,1,0,0,0,0,,22,6079834,2025-03-21 15:36:03.238
588,1,1,0,0,0,0,,22,6079834,2025-03-21 15:36:16.921
589,2,1,0,0,0,0,,22,6079834,2025-03-21 16:26:47.791
590,1,4,0,0,0,0,,7,6124202,2025-03-21 18:26:47.734
591,2,1,0,0,0,0,,7,6124202,2025-03-21 18:27:04.277
592,1,4,1,0,0,0,,5,6081229,2025-03-21 20:43:43.922
593,1,0,1,3,0,0,,2,6092647,2025-03-21 23:23:16.559
594,1,24,0,0,0,0,,2,6092647,2025-03-21 23:25:23.406
595,1,21,0,0,0,0,,2,6092647,2025-03-21 23:26:00.973
596,1,1,0,0,0,0,,2,6092647,2025-03-21 23:26:29.467
597,2,34,0,0,0,0,,2,6092647,2025-03-21 23:27:16.945
598,2,1,0,0,0,0,,2,6092647,2025-03-21 23:27:43.386
599,1,1,0,0,0,0,,22,6079834,2025-03-22 09:45:34.836
600,1,1,0,0,0,0,,22,6079834,2025-03-22 15:36:13.723
601,2,1,0,0,0,0,,22,6079834,2025-03-22 16:27:16.483
602,1,11,3,0,0,0,,2,6092647,2025-03-22 20:18:47.445
603,1,4,0,0,0,0,,2,6092647,2025-03-22 20:19:33.620
604,2,0,5,0,0,0,,2,6092647,2025-03-22 20:20:21.391
605,2,17,0,0,0,0,,2,6092647,2025-03-22 20:21:08.286
606,2,0,0,3,0,0,,2,6092647,2025-03-22 20:22:16.323
607,2,5,0,0,0,0,,2,6092647,2025-03-22 22:26:03.995
608,2,0,1,0,0,0,,2,6092647,2025-03-23 09:15:35.188
609,2,4,0,0,0,0,,7,6124202,2025-03-23 20:29:07.427
610,1,7,1,0,0,0,,2,6092647,2025-03-23 23:08:44.079
611,2,15,2,0,0,0,,2,6092647,2025-03-23 23:10:30.611
612,1,1,0,0,0,0,,2,6092647,2025-03-24 06:50:45.955
613,1,1,0,0,0,0,,22,6079834,2025-03-24 08:37:31.718
614,1,1,0,0,0,0,,22,6079834,2025-03-24 10:39:21.105
615,2,1,0,0,0,0,,22,6079834,2025-03-24 10:47:32.580
616,1,0,1,0,0,0,,22,6079834,2025-03-24 11:05:16.739
617,1,0,2,4,0,0,,22,6079834,2025-03-24 12:05:47.440
618,2,0,1,0,0,0,,22,6079834,2025-03-24 12:13:31.080
619,2,1,0,0,0,0,,22,6079834,2025-03-24 12:21:28.922
620,2,0,0,1,0,0,,22,6079834,2025-03-24 12:34:49.840
621,1,0,0,1,0,0,,22,6079834,2025-03-24 14:54:51.340
622,2,1,0,0,0,0,,22,6079834,2025-03-24 14:55:06.606
623,1,1,0,0,0,0,,7,6124202,2025-03-24 17:57:48.634
624,1,0,0,3,0,0,,2,6092647,2025-03-24 20:24:13.119
625,1,4,2,0,0,0,,2,6092647,2025-03-24 20:25:50.250
626,2,7,0,0,0,0,,2,6092647,2025-03-24 20:26:41.320
627,1,7,0,0,0,0,,2,6092647,2025-03-24 20:56:28.376
628,2,4,0,0,0,0,,2,6092647,2025-03-24 20:57:34.918
629,2,0,1,3,0,0,,22,6079834,2025-03-25 10:54:21.504
630,1,1,0,0,0,0,,22,6079834,2025-03-25 10:54:29.203
631,2,1,0,0,0,0,,22,6079834,2025-03-25 12:18:43.465
632,1,1,1,3,0,0,,22,6079834,2025-03-25 12:23:30.739
633,1,3,0,0,0,0,,2,6092647,2025-03-25 13:26:42.170
634,2,3,0,0,0,0,,2,6092647,2025-03-25 13:27:34.231
635,2,1,0,0,0,0,,22,6079834,2025-03-25 14:31:54.712
636,1,1,0,0,0,0,,22,6079834,2025-03-25 14:33:14.430
637,2,0,1,3,0,0,,22,6079834,2025-03-25 18:10:16.194
638,1,12,2,1,0,0,,2,6092647,2025-03-25 23:13:09.094
639,1,4,1,0,0,0,,2,6092647,2025-03-25 23:14:28.145
640,2,16,0,0,0,0,,2,6092647,2025-03-25 23:16:04.547
641,2,0,2,1,0,0,,2,6092647,2025-03-25 23:16:38.373
642,1,0,2,0,0,0,,2,6092647,2025-03-26 08:33:39.223
643,1,73,0,0,0,0,,2,6092647,2025-03-26 08:35:25.105
644,2,15,0,0,0,0,,2,6092647,2025-03-26 08:36:24.317
645,1,2,1,0,0,0,,7,6124202,2025-03-26 08:40:20.213
646,2,0,1,0,0,0,,7,6124202,2025-03-26 08:41:05.306
647,2,1,1,1,0,0,,22,6079834,2025-03-26 10:06:52.534
648,1,0,1,0,0,0,,22,6079834,2025-03-26 10:07:04.963
649,1,1,0,0,0,0,,22,6079834,2025-03-26 14:58:39.556
650,2,1,0,0,0,0,,22,6079834,2025-03-26 15:40:24.455
651,1,1,0,0,0,0,,22,6079834,2025-03-26 15:46:37.980
652,2,1,0,0,0,0,,7,6124202,2025-03-26 17:40:48.876
653,1,18,3,0,0,0,,2,6092647,2025-03-26 23:11:54.119
654,2,0,5,2,0,0,,2,6092647,2025-03-26 23:13:05.563
655,2,65,0,0,0,0,,2,6092647,2025-03-26 23:14:06.110
656,1,4,0,0,0,0,,2,6092647,2025-03-26 23:43:13.247
657,1,1,0,0,0,0,,22,6079834,2025-03-27 09:31:26.784
658,2,1,1,0,0,0,,22,6079834,2025-03-27 10:20:40.272
659,2,1,0,0,0,0,,22,6079834,2025-03-27 10:52:47.170
660,1,1,1,2,0,0,,22,6079834,2025-03-27 13:28:26.283
661,1,10,3,0,0,0,,2,6092647,2025-03-27 18:27:34.491
662,2,17,6,1,0,0,,2,6092647,2025-03-27 18:35:49.871
663,2,5,0,0,0,0,,2,6092647,2025-03-27 18:37:03.384
664,2,1,0,0,0,0,,7,6124202,2025-03-27 19:23:53.243
665,1,12,0,0,0,0,,2,6092647,2025-03-28 06:54:03.845
666,2,5,0,0,0,0,,2,6092647,2025-03-28 06:54:46.474
667,2,0,1,1,0,0,,22,6079834,2025-03-28 14:32:00.260
668,1,0,8,0,0,0,,2,6092647,2025-03-29 00:07:28.827
669,1,72,0,0,0,0,,2,6092647,2025-03-29 00:08:08.229
670,1,22,0,0,0,0,,2,6092647,2025-03-29 00:08:47.477
671,2,0,4,0,0,0,,2,6092647,2025-03-29 00:09:39.781
672,1,38,0,0,0,0,,2,6092647,2025-03-29 00:11:23.624
673,2,38,0,0,0,0,,2,6092647,2025-03-29 00:12:08.367
674,2,38,0,0,0,0,,2,6092647,2025-03-29 00:12:56.220
675,2,14,0,0,0,0,,2,6092647,2025-03-29 00:13:57.068
676,2,1,0,1,0,0,,22,6079834,2025-03-29 08:16:27.059
677,1,0,1,0,0,0,,2,6092647,2025-03-29 18:38:53.528
678,2,0,2,0,0,0,,2,6092647,2025-03-29 18:39:27.330
679,2,12,0,0,0,0,,2,6092647,2025-03-30 09:57:10.690
680,1,1,0,1,0,0,,2,6092647,2025-03-30 09:58:05.953
681,2,3,0,0,0,0,,2,6092647,2025-03-30 09:58:26.748
682,1,4,0,0,0,0,,22,6079834,2025-03-30 11:21:46.171
683,2,3,0,0,0,0,,22,6079834,2025-03-30 12:16:28.516
684,2,1,0,0,0,0,,22,6079834,2025-03-30 12:53:22.494
685,2,1,0,0,0,0,,7,6124202,2025-03-30 18:55:16.203
686,1,0,1,0,0,0,,22,6079834,2025-03-31 13:27:28.948
687,2,0,1,0,0,0,,22,6079834,2025-03-31 14:08:21.568
688,1,0,1,0,0,0,,22,6079834,2025-03-31 14:44:05.279
689,1,1,0,0,0,0,,22,6079834,2025-03-31 14:45:05.008
690,2,0,1,0,0,0,,22,6079834,2025-03-31 15:20:15.775
691,2,1,0,0,0,0,,22,6079834,2025-03-31 16:21:06.145
692,1,1,1,1,0,0,,7,6124202,2025-03-31 20:18:18.351
693,2,1,1,1,0,0,,7,6124202,2025-03-31 20:18:41.466
694,2,0,3,1,0,0,,2,6092647,2025-03-31 22:37:34.866
695,2,24,0,0,0,0,,2,6092647,2025-03-31 22:38:27.907
696,1,1,0,0,0,0,,22,6079834,2025-04-01 08:54:52.219
697,2,1,0,0,0,0,,22,6079834,2025-04-01 10:00:55.411
698,1,1,0,0,0,0,,22,6079834,2025-04-01 10:08:03.110
699,2,1,0,0,0,0,,22,6079834,2025-04-01 11:36:03.768
700,1,3,0,0,0,0,,22,6079834,2025-04-01 11:36:50.811
701,2,1,0,0,0,0,,22,6079834,2025-04-01 11:37:08.287
702,1,2,0,0,0,0,,22,6079834,2025-04-01 13:37:28.472
703,2,2,0,0,0,0,,22,6079834,2025-04-01 13:37:44.301
704,2,2,0,0,0,0,,22,6079834,2025-04-01 14:31:09.514
705,1,3,0,0,0,0,,2,6092647,2025-04-01 16:58:09.279
706,2,14,0,0,0,0,,2,6092647,2025-04-01 16:58:50.340
707,1,3,1,0,0,0,,22,6079834,2025-04-02 08:22:56.101
708,1,0,1,0,0,0,,22,6079834,2025-04-02 09:18:02.558
709,2,3,0,0,0,0,,22,6079834,2025-04-02 09:18:19.949
710,2,0,1,0,0,0,,22,6079834,2025-04-02 09:40:24.373
711,2,0,1,0,0,0,,22,6079834,2025-04-02 10:22:11.287
712,1,1,0,0,0,0,,22,6079834,2025-04-02 15:46:06.089
713,1,1,0,0,0,0,,22,6079834,2025-04-02 15:47:40.018
714,2,1,0,0,0,0,,22,6079834,2025-04-02 15:47:48.103
715,2,1,0,0,0,0,,22,6079834,2025-04-02 16:00:01.967
716,1,42,3,0,0,0,,2,6092647,2025-04-02 17:26:54.456
717,1,10,0,0,0,0,,2,6092647,2025-04-02 17:28:07.046
718,1,13,0,0,0,0,,2,6092647,2025-04-02 17:28:58.552
719,2,0,2,0,0,0,,2,6092647,2025-04-02 17:30:52.878
720,2,52,0,0,0,0,,2,6092647,2025-04-02 17:32:34.965
721,1,7,1,2,0,0,,7,6124202,2025-04-03 08:08:59.176
722,2,6,0,0,0,0,,7,6124202,2025-04-03 08:09:45.872
723,1,2,0,0,0,0,,22,6079834,2025-04-03 10:54:11.191
724,1,0,4,0,0,0,,2,6092647,2025-04-03 11:26:32.095
725,1,10,0,0,0,0,,2,6092647,2025-04-03 11:27:17.691
726,2,0,5,0,0,0,,2,6092647,2025-04-03 11:27:55.512
727,2,17,0,0,0,0,,2,6092647,2025-04-03 11:29:06.293
728,2,2,0,0,0,0,,22,6079834,2025-04-03 11:46:15.585
729,1,1,0,0,0,0,,22,6079834,2025-04-03 14:57:04.584
730,2,1,0,0,0,0,,22,6079834,2025-04-03 15:01:45.689
731,1,29,0,0,0,0,,2,6092647,2025-04-04 00:57:50.509
732,1,0,3,2,0,0,,2,6092647,2025-04-04 00:59:33.279
733,1,0,0,1,0,0,,2,6092647,2025-04-04 09:36:51.460
734,2,0,2,0,0,0,,2,6092647,2025-04-04 09:37:25.512
735,2,27,0,0,0,0,,2,6092647,2025-04-04 09:37:59.979
736,2,2,0,0,0,0,,2,6092647,2025-04-04 09:39:02.975
737,2,1,1,2,0,0,,7,6124202,2025-04-04 12:58:51.450
738,1,7,0,0,0,0,,7,6124202,2025-04-04 12:59:21.579
739,2,5,0,0,0,0,,7,6124202,2025-04-04 12:59:37.540
740,1,1,0,0,0,0,,22,6079834,2025-04-04 14:02:44.747
741,2,1,0,0,0,0,,22,6079834,2025-04-04 15:37:39.594
742,1,1,1,0,0,0,,7,6124202,2025-04-04 18:11:01.410
743,2,1,1,0,0,0,,7,6124202,2025-04-04 18:11:58.687
744,1,23,2,0,0,0,,2,6092647,2025-04-05 00:17:36.691
745,2,22,3,3,0,0,,2,6092647,2025-04-05 00:18:31.770
746,1,0,6,0,0,0,,2,6092647,2025-04-05 00:20:17.444
747,1,1,1,1,0,0,,22,6079834,2025-04-05 10:18:25.519
748,1,57,2,0,0,0,,2,6092647,2025-04-05 11:09:27.231
749,2,18,2,0,0,0,,2,6092647,2025-04-05 11:10:13.107
750,1,10,2,0,0,0,,2,6092647,2025-04-05 20:12:49.642
751,2,0,7,0,0,0,,2,6092647,2025-04-05 20:13:35.042
752,2,63,0,0,0,0,,2,6092647,2025-04-05 20:14:01.418
753,2,1,1,1,0,0,,22,6079834,2025-04-06 12:34:25.590
754,1,2,0,0,0,0,,22,6079834,2025-04-07 08:29:32.124
755,1,9,2,0,0,0,,22,6079834,2025-04-07 09:45:07.653
756,2,2,0,0,0,0,,22,6079834,2025-04-07 11:22:45.352
757,2,2,0,0,0,0,,22,6079834,2025-04-07 12:15:09.702
758,2,2,0,0,0,0,,7,6124202,2025-04-07 12:15:32.647
759,2,1,0,0,0,0,,22,6079834,2025-04-07 13:07:22.591
760,1,2,0,0,0,0,,22,6079834,2025-04-07 16:02:39.375
761,1,1,0,0,0,0,,22,6079834,2025-04-07 17:44:51.404
762,2,1,0,0,0,0,,22,6079834,2025-04-07 17:45:52.237
763,1,48,2,0,0,0,,2,6092647,2025-04-07 18:11:23.862
764,1,0,0,1,0,0,,2,6092647,2025-04-07 18:14:40.610
765,1,4,0,0,0,0,,2,6092647,2025-04-07 18:16:54.130
766,2,0,1,1,0,0,,2,6092647,2025-04-07 18:17:49.860
767,2,30,0,0,0,0,,2,6092647,2025-04-07 18:20:43.146
768,1,58,0,2,0,0,,2,6092647,2025-04-08 09:33:10.468
769,1,0,5,1,0,0,,2,6092647,2025-04-08 09:34:24.980
770,2,0,5,3,0,0,,2,6092647,2025-04-08 09:35:25.332
771,2,56,0,0,0,0,,2,6092647,2025-04-08 09:36:00.709
772,1,5,0,0,0,0,,22,6079834,2025-04-08 09:41:30.879
773,2,2,0,0,0,0,,22,6079834,2025-04-08 11:52:41.423
774,2,1,0,0,0,0,,22,6079834,2025-04-08 11:58:56.687
775,2,1,0,0,0,0,,2,6092647,2025-04-08 14:19:50.968
776,1,60,11,4,0,0,,22,6079834,2025-04-08 14:47:46.420
777,1,70,13,4,0,0,,22,6079834,2025-04-08 18:50:22.909
778,2,70,13,4,0,0,,22,6102783,2025-04-08 18:58:37.803
779,2,70,13,4,0,0,,22,6079834,2025-04-08 19:05:33.619
780,1,5,0,0,0,0,,22,6079834,2025-04-09 09:50:32.279
781,2,4,0,0,0,0,,22,6079834,2025-04-09 10:02:32.956
782,1,1,0,0,0,0,,22,6079834,2025-04-09 10:06:59.480
783,2,1,0,0,0,0,,22,6079834,2025-04-09 11:39:28.208
784,1,40,1,0,0,0,,22,6079834,2025-04-09 11:56:28.549
785,1,1,0,0,0,0,,22,6079834,2025-04-09 12:45:48.083
786,1,1,1,0,0,0,,22,6079834,2025-04-09 12:50:39.665
787,1,1,0,0,0,0,,22,6079834,2025-04-09 13:21:01.993
788,2,1,0,0,0,0,,22,6079834,2025-04-09 13:41:45.445
789,2,2,1,0,0,0,,22,6079834,2025-04-09 15:17:57.848
790,1,8,0,0,0,0,,22,6079834,2025-04-09 15:18:11.384
791,2,48,1,0,0,0,,22,6079834,2025-04-09 16:47:00.174
792,1,117,10,2,0,0,,2,6092647,2025-04-10 08:44:45.320
793,1,55,5,0,0,0,,2,6092647,2025-04-10 08:47:12.655
794,2,180,14,2,0,0,,2,6092647,2025-04-10 08:49:31.510
795,1,40,2,0,0,0,,22,6079834,2025-04-10 11:24:55.171
796,1,1,0,0,0,0,,22,6079834,2025-04-10 12:08:37.109
797,2,1,0,0,0,0,,22,6079834,2025-04-10 13:02:37.544
798,2,1,0,0,0,0,,22,6079834,2025-04-10 13:03:33.951
799,1,1,0,0,0,0,,22,6079834,2025-04-10 13:10:10.426
800,1,1,0,0,0,0,,22,6079834,2025-04-10 14:10:21.348
801,2,2,0,0,0,0,,22,6079834,2025-04-10 15:38:24.497
802,2,39,2,0,0,0,,22,6079834,2025-04-10 18:42:37.772
803,1,34,3,1,0,0,,2,6092647,2025-04-10 21:58:31.856
804,2,0,3,1,0,0,,2,6092647,2025-04-10 21:59:04.399
805,2,28,0,0,0,0,,2,6092647,2025-04-10 21:59:34.047
806,1,5,0,0,0,0,,2,6092647,2025-04-11 08:42:07.595
807,2,1,0,0,0,0,,2,6092647,2025-04-11 08:42:30.593
808,1,2,0,0,0,0,,22,6079834,2025-04-11 09:35:14.460
809,2,2,0,0,0,0,,22,6079834,2025-04-11 10:09:30.971
810,1,10,1,0,0,0,,22,6079834,2025-04-11 11:05:30.310
811,1,1,1,2,0,0,,22,6079834,2025-04-11 12:16:48.170
812,2,1,0,0,0,0,,22,6079834,2025-04-11 14:24:29.891
813,1,1,0,0,0,0,,22,6079834,2025-04-11 14:25:16.832
814,2,1,0,0,0,0,,22,6079834,2025-04-11 15:34:38.251
815,1,92,6,0,0,0,,2,6092647,2025-04-12 11:29:52.177
816,2,60,6,0,0,0,,2,6092647,2025-04-12 11:30:30.442
817,2,4,0,0,0,0,,2,6092647,2025-04-12 11:31:00.248
818,1,41,4,0,0,0,,22,6079834,2025-04-12 11:47:30.547
819,2,1,0,0,0,0,,22,6079834,2025-04-12 12:41:52.313
820,2,1,0,0,0,0,,22,6079834,2025-04-12 13:09:58.155
821,2,1,0,0,0,0,,22,6079834,2025-04-12 13:42:47.787
822,2,1,0,0,0,0,,22,6079834,2025-04-12 14:17:46.696
823,1,1,0,0,0,0,,22,6079834,2025-04-12 16:13:24.740
824,2,1,0,0,0,0,,22,6079834,2025-04-12 16:19:20.346
825,2,1,0,0,0,0,,22,6079834,2025-04-12 16:24:07.482
826,1,47,0,0,0,0,,22,6079834,2025-04-12 16:49:25.265
827,2,94,0,0,0,0,,22,6079834,2025-04-12 16:50:05.863
828,2,0,6,2,0,0,,22,6079834,2025-04-12 16:50:20.108
829,1,32,4,1,0,0,,2,6092647,2025-04-12 23:11:23.371
830,2,0,7,1,0,0,,2,6092647,2025-04-12 23:13:31.545
831,2,80,0,0,0,0,,2,6092647,2025-04-12 23:14:04.025
832,1,2,0,0,0,0,,22,6079834,2025-04-13 10:21:42.880
833,1,2,1,0,0,0,,7,6124202,2025-04-14 08:58:52.455
834,2,1,1,0,0,0,,7,6124202,2025-04-14 08:59:12.064
835,1,0,4,0,0,0,,2,6092647,2025-04-14 09:00:42.952
836,1,17,0,0,0,0,,2,6092647,2025-04-14 09:01:19.459
837,2,10,3,0,0,0,,2,6092647,2025-04-14 09:02:05.030
838,1,1,0,0,0,0,,22,6079834,2025-04-14 09:51:42.490
839,2,1,0,0,0,0,,22,6079834,2025-04-14 11:13:47.689
840,2,1,0,0,0,0,,7,6124202,2025-04-14 11:19:20.051
841,2,2,0,0,0,0,,22,6079834,2025-04-14 12:39:12.125
842,1,1,0,0,0,0,,22,6079834,2025-04-14 13:01:09.752
843,2,1,0,0,0,0,,22,6079834,2025-04-14 13:37:21.679
844,1,36,9,0,0,0,,2,6092647,2025-04-15 00:48:27.154
845,2,34,5,0,0,0,,2,6092647,2025-04-15 00:49:18.334
846,1,6,1,0,0,0,,22,6079834,2025-04-15 09:36:28.762
847,2,0,1,0,0,0,,22,6079834,2025-04-15 12:51:16.734
848,2,2,0,0,0,0,,22,6079834,2025-04-15 12:51:34.336
849,1,2,0,0,0,0,,22,6079834,2025-04-15 12:51:52.500
850,1,0,1,0,0,0,,22,6079834,2025-04-15 12:54:29.318
851,1,1,0,0,0,0,,22,6079834,2025-04-15 12:54:51.841
852,2,1,0,0,0,0,,22,6079834,2025-04-15 13:17:17.140
853,2,4,1,0,0,0,,22,6079834,2025-04-15 15:05:36.273
854,2,2,0,0,0,0,,22,6079834,2025-04-15 15:29:00.786
855,1,39,7,0,0,0,,2,6092647,2025-04-16 04:46:53.485
856,2,41,9,0,0,0,,2,6092647,2025-04-16 04:48:00.817
857,1,1,1,0,0,0,,22,6079834,2025-04-16 09:00:55.723
858,2,0,1,0,0,0,,22,6079834,2025-04-16 10:06:30.609
859,2,1,0,0,0,0,,22,6079834,2025-04-16 11:56:21.197
860,1,1,1,0,0,0,,22,6079834,2025-04-16 16:23:09.739
861,2,1,1,0,0,0,,22,6079834,2025-04-16 18:01:00.650
862,1,30,4,0,0,0,,2,6092647,2025-04-17 09:03:00.883
863,2,32,5,0,0,0,,2,6092647,2025-04-17 09:03:33.417
864,1,6,0,0,0,0,,22,6079834,2025-04-17 11:13:24.652
865,2,1,0,0,0,0,,22,6079834,2025-04-17 12:27:22.276
866,1,5,0,0,0,0,,22,6079834,2025-04-17 13:14:09.174
867,2,1,0,0,0,0,,22,6079834,2025-04-17 14:51:34.353
868,2,2,0,0,0,0,,22,6079834,2025-04-17 19:09:28.070
869,1,29,3,1,0,0,,2,6092647,2025-04-18 08:01:41.499
870,2,35,3,1,0,0,,2,6092647,2025-04-18 08:05:03.889
871,1,10,0,0,0,0,,22,6079834,2025-04-18 11:09:33.282
872,2,2,0,0,0,0,,22,6079834,2025-04-18 15:03:49.327
873,2,15,0,0,0,0,,22,6079834,2025-04-18 18:35:36.017
874,1,40,11,1,0,0,,2,6092647,2025-04-19 01:36:37.015
875,2,39,8,0,0,0,,2,6092647,2025-04-19 01:39:22.358
876,1,2,3,0,0,0,,2,6092647,2025-04-20 02:31:47.989
877,2,4,1,0,0,0,,2,6092647,2025-04-20 02:32:34.663
878,1,10,4,1,0,0,,2,6092647,2025-04-20 22:44:48.618
879,2,8,4,1,0,0,,2,6092647,2025-04-20 22:45:32.009
880,1,4,0,0,0,0,,22,6079834,2025-04-21 10:40:46.272
881,1,1,0,0,0,0,,22,6079834,2025-04-21 11:06:25.493
882,1,3,0,0,0,0,,7,6124202,2025-04-21 13:38:09.039
883,2,2,0,0,0,0,,7,6124202,2025-04-21 13:38:26.274
884,2,5,0,0,0,0,,22,6079834,2025-04-21 13:57:38.842
885,1,6,1,0,0,0,,2,6092647,2025-04-22 00:31:44.060
886,1,1,0,0,0,0,,2,6092647,2025-04-22 00:32:54.512
887,2,11,3,1,0,0,,2,6092647,2025-04-22 00:33:40.112
888,2,0,2,0,0,0,,2,6092647,2025-04-22 00:34:08.007
889,1,1,0,0,0,0,,22,6079834,2025-04-22 11:08:05.959
890,2,1,0,0,0,0,,22,6079834,2025-04-22 13:10:50.791
891,1,3,0,0,0,0,,2,6092647,2025-04-22 23:51:34.871
892,1,1,0,0,0,0,,2,6092647,2025-04-22 23:52:34.811
893,2,4,3,0,0,0,,2,6092647,2025-04-22 23:53:05.934
894,1,2,0,0,0,0,,22,6079834,2025-04-23 14:28:50.819
895,2,1,0,0,0,0,,22,6079834,2025-04-23 15:09:23.358
896,2,1,0,0,0,0,,22,6079834,2025-04-23 16:27:25.204
897,1,1,0,0,0,0,,22,6079834,2025-04-24 14:14:48.656
898,2,1,0,0,0,0,,22,6079834,2025-04-24 14:38:30.403
899,1,3,4,0,0,0,,2,6092647,2025-04-24 23:54:06.371
900,2,6,3,0,0,0,,2,6092647,2025-04-24 23:55:51.851
901,1,9,0,0,0,0,,2,6092647,2025-04-25 12:28:43.014
902,2,5,0,0,0,0,,2,6092647,2025-04-25 12:29:15.525
903,1,1,1,0,0,0,,7,6124202,2025-04-25 20:51:39.520
904,2,2,1,0,0,0,,7,6124202,2025-04-25 20:51:58.450
905,1,10,5,0,0,0,,2,6092647,2025-04-26 00:21:29.167
906,2,13,5,0,0,0,,2,6092647,2025-04-26 00:22:36.000
907,1,2,0,0,0,0,,2,6092647,2025-04-26 12:18:30.890
908,2,2,0,0,0,0,,2,6092647,2025-04-26 12:18:52.664
909,1,1,0,0,0,0,,22,6079834,2025-04-26 12:54:56.384
910,2,1,0,0,0,0,,22,6079834,2025-04-26 13:45:27.146
911,1,1,1,3,0,0,,7,6124202,2025-04-26 17:34:13.687
912,2,1,1,3,0,0,,7,6124202,2025-04-26 20:06:32.002
913,1,4,2,0,0,0,,2,6092647,2025-04-27 10:42:57.751
914,2,7,3,0,0,0,,2,6092647,2025-04-27 10:43:27.034
915,1,4,1,0,0,0,,2,6092647,2025-04-27 23:20:56.451
916,2,4,1,0,0,0,,2,6092647,2025-04-27 23:21:23.672
917,1,1,0,0,0,0,,22,6079834,2025-04-29 10:44:16.100
918,2,1,0,0,0,0,,22,6079834,2025-04-29 12:17:06.761
919,1,7,4,2,0,0,,2,6092647,2025-04-29 18:19:59.579
920,2,0,3,2,0,0,,2,6092647,2025-04-29 18:22:35.458
921,1,51,4,0,0,0,,2,6092647,2025-04-30 09:08:22.034
922,2,28,3,0,0,0,,2,6092647,2025-04-30 09:09:24.945
923,1,1,0,0,0,0,,22,6079834,2025-05-01 08:33:53.345
924,2,1,0,0,0,0,,22,6079834,2025-05-01 09:26:30.184
925,1,27,3,7,0,0,,2,6092647,2025-05-01 09:57:53.797
926,2,0,3,6,0,0,,2,6092647,2025-05-01 09:58:44.368
927,2,34,0,0,0,0,,2,6092647,2025-05-01 09:59:33.806
928,1,1,1,1,0,0,,22,6079834,2025-05-01 13:04:11.361
929,2,1,1,1,0,0,,22,6079834,2025-05-01 15:01:07.946
930,1,44,5,0,0,0,,2,6092647,2025-05-02 07:49:33.740
931,2,30,4,0,0,0,,2,6092647,2025-05-02 07:51:54.856
932,1,1,0,0,0,0,,22,6079834,2025-05-02 09:53:24.642
933,2,1,0,0,0,0,,22,6079834,2025-05-02 13:13:18.789
934,1,33,3,1,0,0,,2,6092647,2025-05-03 09:18:29.751
935,2,32,5,0,0,0,,2,6092647,2025-05-03 09:19:36.870
936,1,13,1,0,0,0,,2,6092647,2025-05-04 10:14:47.846
937,2,40,1,0,0,0,,2,6092647,2025-05-04 10:16:43.971
938,2,4,0,0,0,0,,2,6092647,2025-05-04 10:18:50.871
939,1,4,2,1,0,0,,2,6092647,2025-05-04 23:06:44.804
940,2,5,2,2,0,0,,2,6092647,2025-05-04 23:07:38.710
941,1,2,0,0,0,0,,22,6079834,2025-05-05 11:23:50.536
942,2,1,0,0,0,0,,22,6079834,2025-05-05 11:38:04.551
943,2,1,0,0,0,0,,22,6079834,2025-05-05 14:49:00.291
944,1,16,0,0,0,0,,2,6092647,2025-05-06 02:16:43.181
945,2,9,1,1,0,0,,2,6092647,2025-05-06 02:17:15.590
946,1,1,0,0,0,0,,22,6079834,2025-05-06 11:49:32.880
947,2,1,0,0,0,0,,22,6079834,2025-05-06 12:54:02.222
948,1,84,7,0,0,0,,2,6092647,2025-05-07 09:47:39.950
949,1,1,0,0,0,0,,22,6079834,2025-05-07 09:48:38.473
950,2,31,4,0,0,0,,2,6092647,2025-05-07 09:48:45.695
951,1,1,0,0,0,0,,22,6079834,2025-05-07 16:09:23.934
952,1,3,0,0,0,0,,22,6079834,2025-05-07 16:09:43.154
953,1,1,1,1,0,0,,22,6079834,2025-05-07 16:10:23.628
954,1,0,1,3,0,0,,22,6079834,2025-05-07 16:10:43.056
955,2,5,0,0,0,0,,22,6079834,2025-05-07 16:11:05.469
956,2,1,2,4,0,0,,22,6079834,2025-05-07 17:40:58.219
957,1,28,1,0,0,0,,2,6092647,2025-05-08 10:21:07.723
958,1,75,3,0,0,0,,2,6092647,2025-05-08 10:21:56.490
959,2,75,3,0,0,0,,2,6092647,2025-05-08 10:22:33.870
960,2,79,0,0,0,0,,2,5641299,2025-05-08 12:37:59.394
961,2,0,3,0,0,0,,2,5641299,2025-05-08 12:38:20.408
962,1,4,0,0,0,0,,2,5641299,2025-05-08 12:38:51.374
963,2,5,1,0,0,0,,5,5641299,2025-05-08 12:42:46.573
964,2,67,4,0,0,0,,17,5641299,2025-05-08 12:49:20.162
965,1,1,0,0,0,0,,22,6079834,2025-05-08 12:50:03.420
966,1,1,1,5,0,0,,22,6079834,2025-05-08 12:50:34.676
967,2,1,0,0,0,0,,22,6079834,2025-05-08 14:17:07.467
968,2,1,1,5,0,0,,22,6079834,2025-05-09 10:01:03.130
969,1,1,0,0,0,0,,22,6079834,2025-05-09 11:30:03.839
970,1,1,0,0,0,0,,22,6079834,2025-05-09 11:45:36.766
971,2,1,0,0,0,0,,22,6079834,2025-05-09 11:45:45.414
972,2,1,0,0,0,0,,22,6079834,2025-05-09 12:13:51.472
973,1,1,0,0,0,0,,22,6079834,2025-05-09 13:44:05.814
974,2,1,0,0,0,0,,22,6079834,2025-05-09 13:44:18.504
1213,2,26,4,0,0,0,,2,6092647,2025-06-13 22:38:12.508
1217,1,37,4,4,0,0,,2,6092647,2025-06-13 22:42:58.663
1219,1,8,0,0,0,0,,2,6092647,2025-06-14 08:32:21.743
1220,2,40,7,4,0,0,,2,6092647,2025-06-14 08:33:54.711
1223,2,1,0,0,0,0,,22,6079834,2025-06-14 10:06:53.090
1224,2,1,0,0,0,0,,22,6079834,2025-06-15 08:23:33.147
1225,1,20,3,1,0,0,,2,6092647,2025-06-15 11:40:05.966
1226,2,27,4,1,0,0,,2,6092647,2025-06-15 11:40:44.094
1227,1,4,2,0,0,0,,2,6092647,2025-06-16 08:21:53.265
1228,2,5,1,0,0,0,,2,6092647,2025-06-16 08:22:25.071
1229,1,1,0,0,0,0,,22,6079834,2025-06-16 12:19:16.541
1230,1,2,0,0,0,0,,7,6124202,2025-06-16 12:27:56.661
1231,2,1,0,0,0,0,,22,6079834,2025-06-16 13:17:41.524
1232,1,29,2,0,0,0,,22,6079834,2025-06-16 13:27:30.009
1233,2,1,0,0,0,0,,22,6079834,2025-06-16 14:48:08.750
1237,1,23,3,2,0,0,,2,6092647,2025-06-17 07:04:56.356
1238,2,17,4,0,0,0,,2,6092647,2025-06-17 07:05:51.184
1245,2,30,1,2,0,0,,2,6092647,2025-06-18 06:54:48.239
1254,1,25,7,3,0,0,,2,6092647,2025-06-20 08:36:20.298
1260,2,1,0,0,0,0,,22,6079834,2025-06-20 17:30:41.030
1268,1,55,4,0,0,0,,22,6079834,2025-06-22 14:15:07.416
1270,1,29,1,2,0,0,,2,6092647,2025-06-22 16:34:35.577
1271,2,26,0,0,0,0,,2,6092647,2025-06-22 16:35:26.895
1287,1,33,3,0,0,0,,22,6079834,2025-06-24 15:26:34.805
1300,1,0,1,0,0,0,,22,6079834,2025-06-26 10:56:55.965
1309,1,40,4,1,0,0,,2,6092647,2025-06-27 09:55:54.046
1317,2,1,0,0,0,0,,22,6079834,2025-06-27 14:41:11.568
1327,2,5,0,0,0,0,,22,6079834,2025-06-29 11:20:07.029
1333,1,1,0,0,0,0,,22,6079834,2025-06-30 13:36:18.585
1334,2,1,0,0,0,0,,22,6079834,2025-06-30 13:50:40.517
1343,2,27,3,0,0,0,,2,6092647,2025-07-02 11:35:02.782
1351,1,26,0,0,0,0,,22,6079834,2025-07-03 12:34:02.223
1357,1,38,1,0,0,0,,22,6079834,2025-07-04 14:52:43.189
1358,2,38,1,0,0,0,,22,6079834,2025-07-04 17:32:20.807
1359,1,89,6,1,0,0,,2,6092647,2025-07-05 00:13:42.874
1360,2,50,3,0,0,0,,2,6092647,2025-07-05 00:14:27.360
1362,1,1,0,0,0,0,,22,6079834,2025-07-07 12:35:15.043
1363,1,20,2,0,0,0,,22,6079834,2025-07-07 13:32:24.973
1364,2,1,0,0,0,0,,22,6079834,2025-07-07 13:32:42.095
1365,2,2,0,0,0,0,,7,6124202,2025-07-07 14:59:15.790
1370,1,43,2,0,0,0,,2,6092647,2025-07-07 15:17:22.806
1371,1,9,1,0,0,0,,2,6092647,2025-07-07 15:18:12.638
1372,1,2,0,0,0,0,,2,6092647,2025-07-07 15:18:34.240
1373,2,0,8,5,0,0,,2,6092647,2025-07-07 15:19:18.550
1376,2,5,0,0,0,0,,22,6079834,2025-07-07 18:58:18.528
1380,1,10,1,0,0,0,,22,6079834,2025-07-08 14:08:34.101
1381,2,1,0,0,0,0,,22,6079834,2025-07-08 14:09:10.260
1382,1,1,0,0,0,0,,22,6079834,2025-07-08 14:11:49.865
1383,2,2,0,0,0,0,,22,6079834,2025-07-08 15:43:54.612
1384,2,23,3,0,0,0,,22,6079834,2025-07-08 17:03:14.634
1387,1,30,1,0,0,0,,22,6079834,2025-07-09 13:26:52.882
1388,2,1,0,0,0,0,,22,6079834,2025-07-09 16:13:10.101
1390,2,1,0,0,0,0,,22,6079834,2025-07-10 13:27:50.993
1391,1,27,2,0,0,0,,22,6079834,2025-07-10 13:28:11.506
1392,2,2,0,0,0,0,,22,6079834,2025-07-10 14:16:33.401
1394,2,1,0,0,0,0,,22,6079834,2025-07-10 17:03:03.060
1395,1,2,1,0,0,0,,22,6079834,2025-07-10 17:36:48.628
1396,2,1,0,0,0,0,,22,6079834,2025-07-10 18:29:11.795
1397,1,62,4,0,0,0,,2,6092647,2025-07-10 19:34:50.226
1398,2,48,1,0,0,0,,2,6092647,2025-07-10 19:35:42.119
1401,1,1,0,0,0,0,,22,6079834,2025-07-11 09:41:51.433
1402,2,1,0,0,0,0,,22,6079834,2025-07-11 11:43:40.126
1403,1,43,1,0,0,0,,22,6079834,2025-07-11 14:08:43.834
1404,1,1,0,0,0,0,,22,6079834,2025-07-11 17:39:32.919
1405,2,67,2,0,0,0,,22,6079834,2025-07-11 18:14:40.476
1406,2,1,0,0,0,0,,22,6079834,2025-07-11 19:34:12.304
1407,1,67,5,1,0,0,,2,6092647,2025-07-12 11:18:13.659
1409,2,120,9,1,0,0,,2,6092647,2025-07-12 11:20:54.780
1413,2,0,19,2,0,0,,2,6092647,2025-07-14 10:45:15.823
1414,2,67,0,0,0,0,,2,6092647,2025-07-14 10:46:05.780
1415,2,0,10,0,0,0,,2,6092647,2025-07-14 10:46:39.379
1419,1,35,1,0,0,0,,22,6079834,2025-07-14 13:51:09.670
1421,2,4,0,0,0,0,,22,6079834,2025-07-14 16:46:09.302
1428,2,1,0,0,0,0,,22,6079834,2025-07-15 10:20:43.317
1433,2,1,0,0,0,0,,22,6079834,2025-07-15 15:32:17.951
1438,1,29,0,0,0,0,,22,6079834,2025-07-16 13:10:09.898
1446,2,1,1,0,0,0,,22,6079834,2025-07-17 14:06:34.732
1447,1,30,2,0,0,0,,22,6079834,2025-07-17 14:10:04.957
1448,2,30,2,0,0,0,,22,6079834,2025-07-17 17:05:32.037
1452,2,1,0,0,0,0,,22,6079834,2025-07-18 10:06:22.481
1456,2,40,7,1,0,0,,2,6092647,2025-07-19 12:15:20.904
1458,2,48,4,0,0,0,,2,6092647,2025-07-20 12:01:22.003
1459,2,10,0,0,0,0,,2,6092647,2025-07-20 12:01:56.946
1464,2,6,0,0,0,0,,22,6079834,2025-07-21 17:07:31.267
1467,1,1,0,0,0,0,,22,6079834,2025-07-22 10:16:13.575
1473,2,29,1,0,0,0,,22,6079834,2025-07-22 17:01:57.970
1483,1,0,1,0,0,0,,22,6079834,2025-07-25 12:35:33.921
1486,2,1,0,0,0,0,,22,6079834,2025-07-25 17:15:23.729
1489,2,4,0,0,0,0,,22,6079834,2025-07-25 17:55:47.013
1492,2,0,1,0,0,0,,22,6079834,2025-07-25 22:53:24.512
1493,1,33,3,0,0,0,,2,6092647,2025-07-26 14:21:32.498
1494,2,36,3,0,0,0,,2,6092647,2025-07-26 14:22:42.036
1495,1,28,8,3,0,0,,2,6092647,2025-07-27 00:37:34.301
1496,2,35,7,2,0,0,,2,6092647,2025-07-27 00:38:38.102
1497,1,1,0,0,0,0,,22,6079834,2025-07-28 11:31:31.628
1498,2,1,0,0,0,0,,22,6079834,2025-07-28 11:54:55.739
1499,1,37,7,0,0,0,,22,6079834,2025-07-28 14:14:55.639
1500,2,37,7,0,0,0,,22,6079834,2025-07-28 17:02:19.618
1501,1,1,0,0,0,0,,22,6079834,2025-07-28 17:52:28.401
1502,1,12,0,0,0,0,,2,6092647,2025-07-28 19:06:31.925
1503,2,5,2,1,0,0,,2,6092647,2025-07-28 19:07:17.683
975,1,2,0,0,0,0,,2,6092647,2025-05-10 00:11:08.721
976,1,0,2,6,0,0,,2,6092647,2025-05-10 00:12:04.434
977,1,0,8,0,0,0,,2,6092647,2025-05-10 00:12:43.290
978,2,0,10,6,0,0,,2,6092647,2025-05-10 00:15:10.826
979,2,2,0,0,0,0,,2,6092647,2025-05-10 00:16:36.858
980,1,0,1,0,0,0,,2,6092647,2025-05-10 20:39:50.535
981,2,0,2,0,0,0,,2,6092647,2025-05-10 20:40:07.929
982,1,4,0,0,0,0,,2,6092647,2025-05-10 23:21:03.270
983,2,4,0,0,0,0,,2,6092647,2025-05-10 23:21:27.693
984,1,6,0,0,0,0,,2,6092647,2025-05-12 00:24:37.806
985,2,9,0,0,0,0,,2,6092647,2025-05-12 00:25:18.983
986,1,1,0,0,0,0,,22,6079834,2025-05-12 09:01:18.615
987,1,0,1,0,0,0,,22,6079834,2025-05-12 12:04:26.060
988,2,1,0,0,0,0,,22,6079834,2025-05-12 12:04:37.815
989,1,1,0,0,0,0,,7,6124202,2025-05-12 16:29:59.402
990,2,0,1,0,0,0,,22,6079834,2025-05-12 17:03:09.590
991,1,5,1,0,0,0,,2,6092647,2025-05-13 08:28:09.192
992,2,18,1,0,0,0,,2,6092647,2025-05-13 08:28:48.940
993,1,13,1,0,0,0,,2,6092647,2025-05-13 20:20:14.283
994,2,6,1,0,0,0,,2,6092647,2025-05-13 20:23:23.229
995,1,0,3,0,0,0,,2,6092647,2025-05-14 10:40:11.253
996,1,28,0,0,0,0,,2,6092647,2025-05-14 10:40:38.858
997,2,19,1,0,0,0,,2,6092647,2025-05-14 10:41:55.188
998,1,29,2,0,0,0,,2,6092647,2025-05-15 12:11:11.942
999,2,34,3,0,0,0,,2,6092647,2025-05-15 12:12:16.306
1000,1,2,1,0,0,0,,7,6124202,2025-05-15 20:02:39.648
1001,2,1,1,0,0,0,,7,6124202,2025-05-15 20:03:04.390
1002,1,2,1,2,0,0,,22,6079834,2025-05-16 13:07:10.028
1003,2,1,0,0,0,0,,22,6079834,2025-05-16 13:07:23.460
1004,1,27,5,0,0,0,,2,6092647,2025-05-16 13:30:05.739
1005,2,26,5,0,0,0,,2,6092647,2025-05-16 13:31:26.726
1006,1,1,0,0,0,0,,22,6079834,2025-05-16 18:04:40.166
1007,2,1,1,2,0,0,,22,6079834,2025-05-16 18:06:48.578
1008,2,1,0,0,0,0,,22,6079834,2025-05-17 09:37:22.808
1009,2,2,0,0,0,0,,7,6124202,2025-05-17 10:37:23.595
1010,1,1,0,0,0,0,,22,6079834,2025-05-17 10:59:07.052
1011,2,1,0,0,0,0,,22,6079834,2025-05-17 10:59:20.122
1012,1,23,4,0,0,0,,2,6092647,2025-05-17 14:12:45.912
1013,2,30,3,0,0,0,,2,6092647,2025-05-17 14:13:24.949
1014,1,1,0,0,0,0,,22,6079834,2025-05-17 14:54:08.411
1015,2,1,0,0,0,0,,22,6079834,2025-05-17 14:54:21.186
1016,1,13,1,0,0,0,,2,6092647,2025-05-18 10:10:26.244
1017,2,17,3,0,0,0,,2,6092647,2025-05-18 10:11:11.859
1018,1,6,2,0,0,0,,2,6092647,2025-05-18 22:00:23.382
1019,1,9,2,0,0,0,,2,6092647,2025-05-18 22:01:08.105
1020,2,18,4,0,0,0,,2,6092647,2025-05-18 22:06:41.316
1021,1,1,0,0,0,0,,22,6079834,2025-05-19 09:22:00.298
1022,2,1,0,0,0,0,,22,6079834,2025-05-19 13:13:32.506
1023,1,1,0,0,0,0,,22,6079834,2025-05-19 14:03:30.272
1024,2,1,0,0,0,0,,22,6079834,2025-05-19 16:58:55.563
1025,1,1,0,0,0,0,,22,6079834,2025-05-20 10:34:27.368
1026,2,1,0,0,0,0,,22,6079834,2025-05-20 11:00:50.316
1027,1,1,0,0,0,0,,7,6124202,2025-05-20 16:54:31.544
1028,2,1,0,0,0,0,,7,6124202,2025-05-20 20:16:55.373
1029,1,2,0,0,0,0,,2,6092647,2025-05-20 21:43:08.959
1030,1,1,0,0,0,0,,22,6079834,2025-05-21 11:27:01.154
1031,2,1,0,0,0,0,,22,6079834,2025-05-21 12:04:13.539
1032,1,75,1,0,0,0,,2,6092647,2025-05-21 13:57:55.947
1033,2,22,1,0,0,0,,2,6092647,2025-05-21 13:58:41.782
1034,1,3,0,0,0,0,,7,6124202,2025-05-21 19:43:47.603
1035,2,2,0,0,0,0,,7,6124202,2025-05-21 19:44:05.881
1036,1,1,0,0,0,0,,22,6079834,2025-05-22 14:01:18.365
1037,2,1,0,0,0,0,,22,6079834,2025-05-22 14:01:26.688
1038,1,28,2,0,0,0,,2,6092647,2025-05-22 20:48:34.209
1039,1,2,0,0,0,0,,2,6092647,2025-05-22 20:49:16.128
1040,2,47,1,0,0,0,,2,6092647,2025-05-22 20:51:05.856
1041,1,34,2,0,0,0,,2,6092647,2025-05-23 12:49:02.011
1042,2,59,3,0,0,0,,2,6092647,2025-05-23 12:50:33.460
1043,1,1,0,0,0,0,,22,6079834,2025-05-23 13:17:33.586
1044,2,1,0,0,0,0,,22,6079834,2025-05-23 13:19:28.059
1045,1,17,0,0,0,0,,2,6092647,2025-05-24 09:12:23.756
1046,2,18,0,0,0,0,,2,6092647,2025-05-24 09:13:08.354
1047,1,16,0,0,0,0,,2,6092647,2025-05-25 08:36:01.500
1048,1,14,0,0,0,0,,2,6092647,2025-05-25 08:38:48.897
1049,2,35,0,0,0,0,,2,6092647,2025-05-25 08:39:19.097
1050,1,1,0,0,0,0,,22,6079834,2025-05-26 11:15:17.446
1051,2,1,0,0,0,0,,22,6079834,2025-05-26 11:43:28.131
1052,2,1,0,0,0,0,,7,6124202,2025-05-26 17:46:22.128
1053,1,2,2,1,0,0,,2,6092647,2025-05-26 23:59:37.361
1054,2,11,2,1,0,0,,2,6092647,2025-05-27 00:01:18.278
1055,1,1,0,0,0,0,,22,6079834,2025-05-27 10:42:01.138
1056,2,1,0,0,0,0,,22,6079834,2025-05-27 10:44:03.395
1057,1,0,1,1,0,0,,22,6079834,2025-05-27 13:16:40.444
1058,2,0,1,1,0,0,,22,6079834,2025-05-27 17:06:54.921
1059,1,103,3,3,0,0,,2,6092647,2025-05-28 11:07:38.862
1060,1,2,0,0,0,0,,2,6092647,2025-05-28 11:07:59.738
1061,2,15,2,3,0,0,,2,6092647,2025-05-28 11:08:58.629
1062,1,1,0,0,0,0,,22,6079834,2025-05-28 13:16:27.721
1063,2,1,0,0,0,0,,22,6079834,2025-05-28 13:54:21.597
1064,1,31,0,0,1,0,,22,6079834,2025-05-28 20:57:29.950
1065,1,35,4,0,0,0,,2,6092647,2025-05-29 08:14:19.326
1066,2,29,0,0,1,0,,22,6079834,2025-05-29 10:06:33.907
1067,1,1,0,0,0,0,,7,6124202,2025-05-29 10:58:57.611
1068,2,2,0,0,0,0,,22,6079834,2025-05-29 11:23:10.066
1069,1,1,0,0,0,0,,22,6079834,2025-05-29 14:03:04.482
1070,2,1,0,0,0,0,,22,6079834,2025-05-29 16:49:01.104
1071,1,15,2,0,0,0,,22,6079834,2025-05-29 16:49:18.696
1072,1,97,5,0,0,0,,2,6092647,2025-05-29 23:42:07.889
1073,2,97,5,0,0,0,,2,6092647,2025-05-29 23:42:35.090
1074,2,96,5,0,0,0,,2,6092647,2025-05-29 23:43:01.973
1075,2,5,0,0,0,0,,22,6079834,2025-05-30 09:01:46.159
1076,2,10,2,0,0,0,,22,6079834,2025-05-30 10:43:05.726
1077,1,1,0,0,0,0,,22,6079834,2025-05-30 10:43:35.743
1078,2,1,0,0,0,0,,22,6079834,2025-05-30 11:05:30.067
1079,1,0,5,2,0,0,,2,6092647,2025-05-31 17:44:41.014
1080,2,14,0,0,0,0,,2,6092647,2025-05-31 17:46:13.285
1081,1,83,1,0,0,0,,22,6079834,2025-05-31 18:01:13.697
1082,2,1,0,0,0,0,,22,6079834,2025-05-31 18:55:48.457
1084,2,1,0,0,0,0,,22,6079834,2025-05-31 20:30:30.676
1085,2,1,0,0,0,0,,22,6079834,2025-06-01 07:41:29.315
1214,1,15,3,1,0,0,,2,6092647,2025-06-13 22:39:44.898
1215,1,8,0,0,0,0,,2,6092647,2025-06-13 22:40:38.944
1216,2,40,4,1,0,0,,2,6092647,2025-06-13 22:41:43.993
1218,1,0,6,0,0,0,,2,6092647,2025-06-14 08:31:45.621
1221,2,8,1,0,0,0,,2,6092647,2025-06-14 08:34:36.189
1234,2,1,0,0,0,0,,22,6079834,2025-06-16 14:50:35.939
1239,1,0,1,0,0,0,,22,6079834,2025-06-17 12:20:59.614
1247,2,1,1,0,0,0,,22,6079834,2025-06-18 16:36:25.408
1248,2,22,1,1,0,0,,22,6079834,2025-06-18 16:39:34.533
1257,2,1,0,0,0,0,,22,6079834,2025-06-20 15:16:29.788
1261,1,72,4,0,0,0,,22,6079834,2025-06-21 14:41:24.986
1275,2,1,0,0,0,0,,22,6079834,2025-06-23 13:19:49.003
1276,1,41,0,0,0,0,,22,6079834,2025-06-23 13:26:08.559
1283,1,82,1,0,0,0,,22,6079834,2025-06-24 09:30:19.395
1284,1,1,0,0,0,0,,22,6079834,2025-06-24 09:30:39.796
1293,1,59,2,0,0,0,,2,6092647,2025-06-25 09:50:09.582
1301,2,0,1,0,0,0,,22,6079834,2025-06-26 12:51:11.701
1302,1,17,2,0,0,0,,22,6079834,2025-06-26 12:56:22.269
1313,2,1,0,0,0,0,,22,6079834,2025-06-27 11:04:32.997
1315,2,1,0,0,0,0,,22,6079834,2025-06-27 12:59:55.654
1319,2,32,5,12,0,0,,22,6079834,2025-06-27 19:19:58.213
1328,2,42,0,0,0,0,,22,6079834,2025-06-29 12:01:45.098
1337,1,14,2,0,0,0,,2,6092647,2025-06-30 23:25:12.387
1338,2,50,4,0,0,0,,2,6092647,2025-06-30 23:25:40.668
1345,2,1,0,0,0,0,,22,6079834,2025-07-02 14:40:08.318
1352,2,1,0,0,0,0,,22,6079834,2025-07-03 13:50:35.273
1361,2,10,0,0,0,0,,2,6092647,2025-07-05 00:14:55.248
1366,1,41,0,0,0,0,,7,6124202,2025-07-07 15:00:00.166
1367,2,41,0,0,0,0,,7,6124202,2025-07-07 15:00:18.872
1368,1,71,2,4,0,0,,2,6092647,2025-07-07 15:15:11.653
1369,1,3,0,0,0,0,,2,6092647,2025-07-07 15:16:38.398
1374,2,180,0,0,0,0,,2,6092647,2025-07-07 15:21:36.780
1375,2,3,0,0,0,0,,2,6092647,2025-07-07 15:21:50.512
1377,2,1,0,0,0,0,,22,6079834,2025-07-07 19:00:59.494
1378,1,25,2,0,0,0,,2,6092647,2025-07-08 08:02:13.563
1379,1,1,0,0,0,0,,22,6079834,2025-07-08 13:46:48.335
1385,1,45,0,0,0,0,,2,6092647,2025-07-09 08:51:02.280
1386,2,62,4,0,0,0,,2,6092647,2025-07-09 08:51:52.883
1389,2,28,1,0,0,0,,22,6079834,2025-07-09 17:20:22.351
1393,2,1,0,0,0,0,,22,6079834,2025-07-10 16:51:26.892
1399,2,0,1,0,0,0,,22,6079834,2025-07-10 20:35:54.203
1400,2,0,1,0,0,0,,22,6079834,2025-07-10 20:52:13.906
1408,1,48,3,0,0,0,,2,6092647,2025-07-12 11:19:54.944
1410,1,1,0,0,0,0,,22,6079834,2025-07-13 21:09:41.381
1411,1,16,25,2,0,0,,2,6092647,2025-07-13 21:57:35.443
1412,1,70,36,1,0,0,,2,6092647,2025-07-14 10:43:50.959
1416,1,0,1,1,0,0,,7,6124202,2025-07-14 10:48:48.941
1417,1,1,0,0,0,0,,22,6079834,2025-07-14 11:30:23.205
1418,2,1,0,0,0,0,,22,6079834,2025-07-14 12:48:47.738
1420,2,1,0,0,0,0,,22,6079834,2025-07-14 15:07:41.847
1422,2,2,0,0,0,0,,22,6079834,2025-07-14 21:14:11.056
1423,2,1,0,0,0,0,,22,6079834,2025-07-15 09:36:49.964
1424,2,1,0,0,0,0,,22,6079834,2025-07-15 09:42:35.602
1425,1,48,5,2,0,0,,2,6092647,2025-07-15 09:47:43.816
1426,2,57,20,3,0,0,,2,6092647,2025-07-15 09:49:25.450
1427,2,0,10,0,0,0,,2,6092647,2025-07-15 09:49:57.577
1429,1,1,0,0,0,0,,22,6079834,2025-07-15 12:55:47.216
1430,1,1,0,0,0,0,,22,6079834,2025-07-15 13:13:23.937
1431,2,1,0,0,0,0,,22,6079834,2025-07-15 13:28:17.711
1432,1,29,5,0,0,0,,22,6079834,2025-07-15 13:54:36.781
1434,2,55,6,0,0,0,,22,6079834,2025-07-15 16:59:37.873
1435,1,62,9,5,0,0,,2,6092647,2025-07-16 09:25:50.006
1436,2,80,17,5,0,0,,2,6092647,2025-07-16 09:26:53.856
1437,1,0,1,3,0,0,,22,6079834,2025-07-16 11:39:00.366
1439,2,1,0,0,0,0,,22,6079834,2025-07-16 13:58:44.153
1440,2,27,1,3,0,0,,22,6079834,2025-07-16 17:14:05.508
1441,2,1,0,0,0,0,,22,6079834,2025-07-16 17:58:02.238
1442,1,1,1,0,0,0,,22,6079834,2025-07-17 12:50:57.916
1443,1,49,9,3,0,0,,2,6092647,2025-07-17 13:07:50.795
1444,2,0,8,1,0,0,,2,6092647,2025-07-17 13:08:36.427
1445,2,62,0,0,0,0,,2,6092647,2025-07-17 13:09:14.978
1449,1,43,8,0,0,0,,2,6092647,2025-07-18 09:00:59.457
1450,2,55,9,2,0,0,,2,6092647,2025-07-18 09:01:57.882
1451,1,1,0,0,0,0,,22,6079834,2025-07-18 09:09:06.251
1453,1,24,1,0,0,0,,22,6079834,2025-07-18 13:14:21.351
1454,2,24,1,0,0,0,,22,6079834,2025-07-18 17:06:53.488
1455,1,49,7,1,0,0,,2,6092647,2025-07-19 12:14:29.331
1457,1,60,5,1,0,0,,2,6092647,2025-07-20 11:59:07.943
1460,1,12,2,0,0,0,,2,6092647,2025-07-21 07:24:29.275
1461,2,21,3,1,0,0,,2,6092647,2025-07-21 07:25:43.246
1462,1,52,0,0,0,0,,22,6079834,2025-07-21 14:19:55.156
1463,2,4,0,0,0,0,,22,6079834,2025-07-21 15:59:29.206
1465,2,40,0,0,0,0,,22,6079834,2025-07-21 18:00:25.774
1466,2,1,0,0,0,0,,22,6079834,2025-07-21 20:53:31.828
1468,1,15,1,0,0,0,,2,6092647,2025-07-22 10:50:08.111
1469,2,26,1,0,0,0,,2,6092647,2025-07-22 10:50:41.266
1470,1,30,2,0,0,0,,22,6079834,2025-07-22 13:58:03.388
1471,2,2,1,0,0,0,,22,6079834,2025-07-22 15:00:15.164
1472,2,1,0,0,0,0,,22,6079834,2025-07-22 15:37:55.201
1474,1,41,1,0,0,0,,2,6092647,2025-07-23 10:04:15.923
1475,2,30,1,0,0,0,,2,6092647,2025-07-23 10:04:55.523
1476,1,23,2,0,0,0,,22,6079834,2025-07-23 13:43:44.182
1477,2,23,2,0,0,0,,22,6079834,2025-07-23 19:01:23.726
1478,1,21,1,0,0,0,,22,6079834,2025-07-24 13:44:54.325
1479,1,38,5,1,0,0,,2,6092647,2025-07-24 23:48:36.482
1480,2,38,5,1,0,0,,2,6092647,2025-07-24 23:49:32.990
1481,2,3,0,0,0,0,,22,6079834,2025-07-25 10:44:35.351
1482,2,1,0,0,0,0,,22,6079834,2025-07-25 10:44:57.678
1484,2,1,0,0,0,0,,22,6079834,2025-07-25 14:30:10.784
1485,1,35,4,0,0,0,,22,6079834,2025-07-25 16:19:02.254
1487,1,33,4,0,0,0,,2,6092647,2025-07-25 17:22:52.576
1488,2,29,4,0,0,0,,2,6092647,2025-07-25 17:23:56.568
1490,2,46,4,0,0,0,,22,6079834,2025-07-25 18:58:13.071
1491,2,0,1,0,0,0,,22,6079834,2025-07-25 18:58:41.652
1083,2,2,0,0,0,0,,22,6079834,2025-05-31 19:03:38.414
1086,2,0,3,2,0,0,,2,6092647,2025-06-01 16:22:46.878
1087,1,1,0,0,0,0,,22,6079834,2025-06-02 09:33:49.925
1088,2,2,0,0,0,0,,22,6079834,2025-06-02 09:34:14.918
1089,1,2,0,0,0,0,,22,6079834,2025-06-02 10:13:22.268
1090,2,75,1,0,0,0,,22,6079834,2025-06-02 11:22:47.617
1091,2,1,0,0,0,0,,22,6079834,2025-06-02 11:43:39.918
1092,2,2,0,0,0,0,,22,6079834,2025-06-02 12:35:09.103
1093,2,1,0,0,0,0,,22,6079834,2025-06-02 12:59:35.784
1094,1,32,1,0,0,0,,22,6079834,2025-06-02 13:57:16.370
1095,2,1,0,0,0,0,,22,6079834,2025-06-02 15:43:55.436
1096,1,2,0,0,0,0,,22,6079834,2025-06-02 17:44:02.289
1097,2,3,0,0,0,0,,22,6079834,2025-06-02 19:08:53.446
1098,2,1,0,0,0,0,,22,6079834,2025-06-02 23:04:20.618
1099,2,1,0,0,0,0,,22,6079834,2025-06-03 10:08:35.149
1100,1,27,0,0,0,0,,2,6092647,2025-06-03 10:25:05.455
1101,2,22,1,0,0,0,,2,6092647,2025-06-03 10:25:43.505
1102,1,71,0,0,0,0,,22,6079834,2025-06-03 11:05:27.900
1103,1,22,4,0,0,0,,22,6079834,2025-06-03 14:30:25.377
1104,2,1,0,0,0,0,,22,6079834,2025-06-03 14:34:14.867
1105,2,1,0,0,0,0,,22,6079834,2025-06-03 14:52:33.469
1106,2,1,0,0,0,0,,22,6079834,2025-06-03 14:53:23.159
1107,2,3,0,0,0,0,,22,6079834,2025-06-03 16:09:21.315
1108,2,115,5,0,0,0,,22,6079834,2025-06-03 16:37:50.600
1109,1,0,1,0,0,0,,22,6079834,2025-06-04 10:46:15.399
1110,1,84,8,0,0,0,,2,6092647,2025-06-04 10:48:52.240
1111,2,27,6,0,0,0,,2,6092647,2025-06-04 10:49:31.533
1112,1,1,2,4,0,0,,22,6079834,2025-06-04 11:03:39.564
1113,2,0,1,0,0,0,,22,6079834,2025-06-04 11:27:04.862
1114,2,0,1,3,0,0,,22,6079834,2025-06-04 13:40:29.545
1115,1,1,0,0,0,0,,22,6079834,2025-06-04 13:41:39.931
1116,2,1,0,0,0,0,,22,6079834,2025-06-04 13:48:43.503
1117,2,1,0,0,0,0,,22,6079834,2025-06-04 13:56:02.009
1118,1,52,2,0,0,0,,22,6079834,2025-06-04 14:43:23.741
1119,2,1,0,0,0,0,,22,6079834,2025-06-04 17:31:58.640
1120,1,0,1,0,0,0,,22,6079834,2025-06-04 17:32:41.382
1121,1,2,0,0,0,0,,22,6079834,2025-06-04 17:33:07.508
1122,2,2,0,0,0,0,,22,6079834,2025-06-04 17:33:23.653
1123,2,1,0,0,0,0,,22,6079834,2025-06-04 18:44:08.263
1124,1,46,8,7,0,0,,2,6092647,2025-06-05 09:38:01.670
1125,1,1,0,0,0,0,,22,6079834,2025-06-05 09:41:43.516
1126,2,0,6,5,0,0,,2,6092647,2025-06-05 09:42:04.698
1127,2,76,0,0,0,0,,2,6092647,2025-06-05 09:43:05.269
1128,1,1,0,0,0,0,,22,6079834,2025-06-05 09:43:56.552
1129,1,1,0,0,0,0,,22,6079834,2025-06-05 11:10:04.043
1130,2,2,0,0,0,0,,22,6079834,2025-06-05 11:19:46.716
1131,1,0,1,2,0,0,,22,6079834,2025-06-05 11:20:03.155
1132,2,1,0,0,0,0,,22,6079834,2025-06-05 11:29:06.125
1133,1,1,0,0,0,0,,22,6079834,2025-06-05 11:37:01.539
1134,2,1,0,0,0,0,,22,6079834,2025-06-05 12:16:10.410
1135,1,0,2,0,0,0,,7,6124202,2025-06-05 12:21:31.461
1136,2,1,0,0,0,0,,7,6124202,2025-06-05 12:21:56.100
1137,2,50,5,3,0,0,,22,6079834,2025-06-05 12:26:41.307
1138,1,27,1,0,0,0,,22,6079834,2025-06-05 13:25:46.816
1139,2,1,0,0,0,0,,22,6079834,2025-06-05 14:24:31.323
1140,2,1,0,0,0,0,,22,6079834,2025-06-05 14:36:32.594
1141,2,1,0,0,0,0,,22,6079834,2025-06-05 15:07:20.857
1142,2,2,0,0,0,0,,22,6079834,2025-06-05 20:08:17.769
1143,1,58,7,0,0,0,,2,6092647,2025-06-06 09:22:45.821
1144,2,46,5,0,0,0,,2,6092647,2025-06-06 09:25:54.515
1145,2,1,0,0,0,0,,22,6079834,2025-06-06 09:55:37.000
1146,1,20,4,2,0,0,,22,6079834,2025-06-06 13:18:28.205
1147,2,2,0,0,0,0,,22,6079834,2025-06-06 13:45:26.218
1148,2,26,5,2,0,0,,22,6079834,2025-06-06 16:06:38.023
1149,1,1,0,0,0,0,,22,6079834,2025-06-06 18:30:48.230
1150,2,1,0,0,0,0,,22,6079834,2025-06-06 18:43:29.847
1151,2,13,0,0,0,0,,22,6079834,2025-06-07 10:01:26.797
1152,1,1,0,0,0,0,,22,6079834,2025-06-07 13:40:06.777
1153,2,1,0,0,0,0,,22,6079834,2025-06-07 17:18:16.714
1154,1,22,6,5,0,0,,2,6092647,2025-06-08 10:16:06.731
1155,2,50,8,4,0,0,,2,6092647,2025-06-08 10:17:35.085
1156,2,7,0,0,0,0,,2,6092647,2025-06-08 10:17:59.888
1157,1,26,1,0,0,0,,2,6092647,2025-06-08 10:18:56.186
1158,2,43,5,3,0,0,,2,6092647,2025-06-08 10:19:41.245
1159,1,10,6,1,0,0,,2,6092647,2025-06-09 08:08:30.712
1160,2,7,6,0,0,0,,2,6092647,2025-06-09 08:09:08.644
1161,1,40,2,0,0,0,,22,6079834,2025-06-09 14:15:34.838
1162,1,1,0,0,0,0,,22,6079834,2025-06-09 15:19:05.275
1163,2,41,2,0,0,0,,22,6079834,2025-06-09 18:15:32.637
1164,1,1,0,0,0,0,,22,6079834,2025-06-10 12:15:30.427
1165,2,1,0,0,0,0,,22,6079834,2025-06-10 12:18:47.851
1166,1,1,0,0,0,0,,22,6079834,2025-06-10 12:23:52.875
1167,1,1,0,0,0,0,,22,6079834,2025-06-10 12:29:06.013
1168,2,2,0,0,0,0,,22,6079834,2025-06-10 12:32:29.255
1169,1,1,0,0,0,0,,22,6079834,2025-06-10 13:04:11.552
1170,1,36,3,0,0,0,,22,6079834,2025-06-10 13:08:32.615
1171,2,1,0,0,0,0,,22,6079834,2025-06-10 13:36:33.037
1172,2,1,0,0,0,0,,22,6079834,2025-06-10 14:45:42.337
1173,2,34,2,0,0,0,,22,6079834,2025-06-10 16:57:30.042
1174,1,12,1,0,0,0,,2,6092647,2025-06-10 22:47:00.723
1175,2,6,0,1,0,0,,2,6092647,2025-06-10 22:50:18.512
1176,1,28,6,5,0,0,,2,6092647,2025-06-11 06:58:59.833
1177,2,28,5,0,0,0,,2,6092647,2025-06-11 06:59:51.307
1178,2,0,0,5,0,0,,2,6092647,2025-06-11 07:00:38.494
1179,2,1,1,0,0,0,,22,6079834,2025-06-11 13:27:15.838
1180,1,1,0,0,0,0,,22,6079834,2025-06-11 13:27:32.209
1181,1,1,0,0,0,0,,22,6079834,2025-06-11 13:27:59.200
1182,2,1,0,0,0,0,,22,6079834,2025-06-11 13:28:42.350
1183,1,26,1,0,0,0,,22,6079834,2025-06-11 13:32:28.033
1184,1,1,0,0,0,0,,22,6079834,2025-06-11 14:10:59.362
1185,2,2,0,0,0,0,,22,6079834,2025-06-11 14:12:49.589
1186,2,1,0,0,0,0,,22,6079834,2025-06-11 14:27:17.932
1187,2,22,1,0,0,0,,22,6079834,2025-06-11 17:17:59.283
1188,2,1,0,0,0,0,,22,6079834,2025-06-11 18:30:58.922
1189,2,0,2,0,0,0,,7,6124202,2025-06-12 07:50:51.142
1190,1,20,0,0,0,0,,7,6124202,2025-06-12 07:52:04.240
1191,1,20,0,0,0,0,,7,6124202,2025-06-12 07:52:17.478
1192,2,40,0,0,0,0,,7,6124202,2025-06-12 07:52:38.678
1193,2,1,0,0,0,0,,22,6079834,2025-06-12 10:06:13.621
1194,1,1,0,0,0,0,,22,6079834,2025-06-12 10:45:47.146
1195,1,0,1,2,0,0,,22,6079834,2025-06-12 11:16:45.350
1196,2,1,0,0,0,0,,22,6079834,2025-06-12 12:01:55.175
1197,1,4,0,0,0,0,,22,6079834,2025-06-12 13:00:15.232
1198,1,35,1,0,0,0,,22,6079834,2025-06-12 15:01:52.504
1199,2,1,0,0,0,0,,22,6079834,2025-06-12 15:55:40.866
1200,2,35,2,2,0,0,,22,6079834,2025-06-12 16:54:54.653
1201,1,36,0,0,0,0,,22,6079834,2025-06-12 17:43:12.549
1202,2,3,0,0,0,0,,22,6079834,2025-06-12 18:20:56.222
1203,2,1,0,0,0,0,,22,6079834,2025-06-12 21:39:46.079
1204,1,48,4,0,0,0,,22,6079834,2025-06-13 00:08:19.844
1205,2,0,1,0,0,0,,22,6079834,2025-06-13 10:36:29.738
1206,2,44,0,0,0,0,,22,6079834,2025-06-13 11:54:42.128
1207,2,30,3,0,0,0,,22,6079834,2025-06-13 13:06:33.076
1208,1,41,0,0,0,0,,22,6079834,2025-06-13 13:48:57.929
1209,2,1,0,0,0,0,,22,6079834,2025-06-13 13:50:37.616
1210,2,44,0,0,0,0,,22,6079834,2025-06-13 17:00:17.882
1211,2,2,0,0,0,0,,22,6079834,2025-06-13 17:00:49.510
1212,1,43,3,0,0,0,,2,6092647,2025-06-13 22:37:23.182
1222,1,1,0,0,0,0,,22,6079834,2025-06-14 09:44:37.571
1235,1,1,0,0,0,0,,22,6079834,2025-06-16 15:22:16.408
1236,2,31,2,0,0,0,,22,6079834,2025-06-16 16:08:29.282
1240,2,0,1,0,0,0,,22,6079834,2025-06-17 13:02:16.678
1241,1,43,0,0,0,0,,22,6079834,2025-06-17 13:51:31.113
1242,1,1,0,0,0,0,,22,6079834,2025-06-17 15:57:32.773
1243,2,44,0,0,0,0,,22,6079834,2025-06-17 16:17:53.052
1244,1,30,2,1,0,0,,2,6092647,2025-06-18 06:53:53.352
1246,1,23,2,1,0,0,,22,6079834,2025-06-18 14:03:49.365
1249,1,17,0,0,0,0,,2,6092647,2025-06-19 08:14:19.419
1250,1,45,1,0,0,0,,2,6092647,2025-06-19 08:14:45.275
1251,2,4,2,1,0,0,,2,6092647,2025-06-19 08:16:14.310
1252,1,1,0,0,0,0,,2,6092647,2025-06-19 08:17:09.384
1253,2,41,0,0,0,0,,2,6092647,2025-06-19 08:18:13.337
1255,2,35,6,0,0,0,,2,6092647,2025-06-20 08:37:27.056
1256,1,39,1,0,0,0,,22,6079834,2025-06-20 13:17:38.627
1258,2,36,1,0,0,0,,22,6079834,2025-06-20 17:01:06.560
1259,2,1,0,0,0,0,,22,6079834,2025-06-20 17:01:40.684
1262,2,2,0,0,0,0,,22,6079834,2025-06-21 16:12:03.507
1263,2,1,0,0,0,0,,22,6079834,2025-06-21 17:21:40.691
1264,1,17,1,1,0,0,,2,6092647,2025-06-21 17:45:57.281
1265,2,19,3,4,0,0,,2,6092647,2025-06-21 17:47:00.907
1266,2,1,0,0,0,0,,22,6079834,2025-06-21 18:08:43.569
1267,2,68,4,0,0,0,,22,6079834,2025-06-21 18:38:21.561
1269,2,1,0,0,0,0,,22,6079834,2025-06-22 15:14:23.408
1272,2,54,4,0,0,0,,22,6079834,2025-06-22 18:44:14.990
1273,1,2,0,0,0,0,,22,6079834,2025-06-23 11:52:45.672
1274,2,1,0,0,0,0,,22,6079834,2025-06-23 13:17:19.164
1277,1,55,6,0,0,0,,22,6079834,2025-06-23 13:48:59.101
1278,2,1,0,0,0,0,,22,6079834,2025-06-23 14:23:49.929
1279,2,3,0,0,0,0,,22,6079834,2025-06-23 14:52:04.595
1280,2,4,0,0,0,0,,22,6079834,2025-06-23 16:17:27.056
1281,2,3,0,0,0,0,,22,6079834,2025-06-23 17:08:37.755
1282,2,85,6,0,0,0,,22,6079834,2025-06-23 17:49:13.858
1285,2,5,0,0,0,0,,22,6079834,2025-06-24 09:33:21.684
1286,2,78,1,0,0,0,,22,6079834,2025-06-24 12:04:33.960
1288,2,3,0,0,0,0,,22,6079834,2025-06-24 17:14:25.880
1289,2,30,3,0,0,0,,22,6079834,2025-06-24 17:24:14.464
1290,1,15,3,0,0,0,,2,6092647,2025-06-25 09:47:35.038
1291,1,17,0,0,0,0,,2,6092647,2025-06-25 09:48:41.260
1292,1,1,0,0,0,0,,2,6092647,2025-06-25 09:49:27.850
1294,2,0,6,2,0,0,,2,6092647,2025-06-25 09:52:59.650
1295,2,63,0,0,0,0,,2,6092647,2025-06-25 09:53:40.733
1296,2,7,0,0,0,0,,2,6092647,2025-06-25 09:54:08.368
1297,1,18,0,0,0,0,,22,6079834,2025-06-25 13:07:19.433
1298,2,1,0,0,0,0,,22,6079834,2025-06-25 15:01:48.837
1299,1,1,0,0,0,0,,22,6079834,2025-06-26 10:52:23.628
1303,2,1,0,0,0,0,,22,6079834,2025-06-26 13:12:32.178
1304,2,34,2,0,0,0,,22,6079834,2025-06-26 17:32:23.766
1305,1,55,4,1,0,0,,2,6092647,2025-06-26 19:29:29.258
1306,2,45,2,1,0,0,,2,6092647,2025-06-26 19:34:23.642
1307,2,8,0,0,0,0,,2,6092647,2025-06-26 19:36:22.075
1308,1,4,0,0,0,0,,22,6079834,2025-06-27 09:02:12.026
1310,1,11,0,0,0,0,,2,6092647,2025-06-27 09:57:17.903
1311,2,59,6,0,0,0,,2,6092647,2025-06-27 09:57:58.966
1312,1,1,0,0,0,0,,22,6079834,2025-06-27 10:18:08.482
1314,1,0,4,12,0,0,,22,6079834,2025-06-27 12:43:29.413
1316,1,46,1,0,0,0,,22,6079834,2025-06-27 13:54:59.582
1318,2,8,0,0,0,0,,22,6079834,2025-06-27 17:13:55.229
1320,2,2,0,0,0,0,,22,6079834,2025-06-28 12:24:25.728
1321,1,46,0,0,0,0,,22,6079834,2025-06-28 14:33:00.229
1322,2,1,0,0,0,0,,22,6079834,2025-06-28 17:06:33.614
1323,1,83,3,0,0,0,,2,6092647,2025-06-28 19:12:05.177
1324,2,60,1,0,0,0,,2,6092647,2025-06-28 19:13:13.280
1325,2,4,0,0,0,0,,22,6079834,2025-06-28 19:13:29.753
1326,2,4,0,0,0,0,,2,6092647,2025-06-28 19:14:08.503
1329,1,32,3,0,0,0,,2,6092647,2025-06-29 20:20:56.992
1330,2,0,4,1,0,0,,2,6092647,2025-06-29 20:22:27.066
1331,2,57,0,0,0,0,,2,6092647,2025-06-29 20:23:50.019
1332,1,25,1,0,0,0,,22,6079834,2025-06-30 13:14:02.434
1335,2,25,1,0,0,0,,22,6079834,2025-06-30 16:58:21.008
1336,1,23,0,0,0,0,,2,6092647,2025-06-30 23:24:26.917
1339,2,2,0,0,0,0,,2,6092647,2025-06-30 23:38:32.778
1340,1,33,0,0,0,0,,22,6079834,2025-07-01 13:43:21.856
1341,2,33,0,0,0,0,,22,6079834,2025-07-01 16:35:18.454
1342,1,72,5,0,0,0,,2,6092647,2025-07-02 11:33:54.984
1344,1,30,2,0,0,0,,22,6079834,2025-07-02 13:02:52.913
1346,1,1,0,0,0,0,,22,6079834,2025-07-02 15:54:20.969
1347,2,30,2,0,0,0,,22,6079834,2025-07-02 16:36:56.159
1348,1,56,4,0,0,0,,2,6092647,2025-07-03 11:48:17.009
1349,2,50,4,0,0,0,,2,6092647,2025-07-03 11:48:42.468
1350,2,9,0,0,0,0,,2,6092647,2025-07-03 11:48:58.381
1353,2,1,0,0,0,0,,22,6079834,2025-07-03 14:48:57.366
1354,2,24,0,0,0,0,,22,6079834,2025-07-03 17:09:48.835
1355,1,1,0,0,0,0,,22,6079834,2025-07-04 10:12:53.350
1356,2,1,0,0,0,0,,22,6079834,2025-07-04 11:29:16.936
1504,1,34,0,0,0,0,,22,6079834,2025-07-29 13:16:05.170
1505,2,3,0,0,0,0,,22,6079834,2025-07-29 14:59:40.293
1506,2,32,0,0,0,0,,22,6079834,2025-07-29 16:54:04.820
1507,1,32,1,1,0,0,,22,6079834,2025-07-30 13:12:53.236
1508,2,32,1,1,0,0,,22,6079834,2025-07-30 16:53:26.548
1509,1,58,10,4,0,0,,2,6092647,2025-07-30 17:49:47.331
1510,1,23,1,0,0,0,,2,6092647,2025-07-30 17:52:15.592
1511,2,60,7,2,0,0,,2,6092647,2025-07-30 17:53:01.804
1512,1,26,1,0,0,0,,22,6079834,2025-07-31 12:55:00.196
1513,2,1,0,0,0,0,,22,6079834,2025-07-31 13:17:38.233
1514,1,30,4,0,0,0,,2,6092647,2025-08-01 01:39:42.086
1515,2,50,6,2,0,0,,2,6092647,2025-08-01 01:40:27.251
1516,1,45,2,1,0,0,,2,6092647,2025-08-01 10:41:10.050
1517,2,37,2,1,0,0,,2,6092647,2025-08-01 10:41:57.375
1518,2,5,0,0,0,0,,2,6092647,2025-08-01 10:42:45.897
1519,1,0,1,2,0,0,,22,6079834,2025-08-01 13:56:34.013
1520,1,43,1,0,0,0,,22,6079834,2025-08-01 17:13:26.051
1521,2,2,0,0,0,0,,22,6079834,2025-08-01 17:15:50.076
1522,2,1,0,0,0,0,,22,6079834,2025-08-01 17:20:11.592
1523,1,4,0,0,0,0,,22,6079834,2025-08-01 18:58:57.123
1524,2,69,3,2,0,0,,22,6079834,2025-08-01 19:45:22.475
1525,1,24,5,2,0,0,,2,6092647,2025-08-02 16:58:28.057
1526,2,34,4,2,0,0,,2,6092647,2025-08-02 17:00:34.808
1527,1,1,0,0,0,0,,22,6079834,2025-08-04 12:32:18.386
1528,1,43,5,0,0,0,,22,6079834,2025-08-04 13:50:09.432
1529,2,1,0,0,0,0,,22,6079834,2025-08-04 14:14:53.621
1530,2,1,0,0,0,0,,22,6079834,2025-08-04 14:42:51.339
1531,2,42,5,0,0,0,,22,6079834,2025-08-04 17:26:59.400
1532,1,4,1,1,0,0,,2,6092647,2025-08-05 09:59:57.029
1533,2,17,3,0,0,0,,2,6092647,2025-08-05 10:00:35.787
1534,1,7,4,4,0,0,,2,6092647,2025-08-05 15:46:25.289
1535,1,4,2,2,0,0,,2,6092647,2025-08-06 15:20:16.751
1536,2,9,5,5,0,0,,2,6092647,2025-08-06 15:20:56.744
1537,1,3,0,0,0,0,,22,6079834,2025-08-07 13:39:54.531
1538,1,9,4,2,0,0,,2,6092647,2025-08-08 17:42:09.265
1539,1,4,2,0,0,0,,2,6092647,2025-08-08 17:43:00.775
1540,2,12,6,3,0,0,,2,6092647,2025-08-08 17:43:47.115
1541,1,0,1,0,0,0,,22,6079834,2025-08-09 13:16:53.689
1542,2,3,0,0,0,0,,22,6079834,2025-08-09 13:17:09.292
1543,2,0,1,0,0,0,,22,6079834,2025-08-09 14:17:52.702
1544,1,24,3,0,0,0,,2,6092647,2025-08-10 15:31:43.758
1545,1,4,1,1,0,0,,2,6092647,2025-08-10 15:32:17.860
1546,2,27,4,2,0,0,,2,6092647,2025-08-10 15:33:01.758
1547,1,2,0,0,0,0,,2,6092647,2025-08-11 23:17:30.880
1548,2,6,2,0,0,0,,2,6092647,2025-08-11 23:18:00.184
1549,1,7,1,1,0,0,,2,6092647,2025-08-13 18:56:27.120
1550,1,6,1,1,0,0,,2,6092647,2025-08-13 18:57:08.071
1551,2,10,1,1,0,0,,2,6092647,2025-08-13 18:58:02.031
1552,1,1,1,2,0,0,,22,6079834,2025-08-14 12:36:26.141
1553,2,1,1,2,0,0,,22,6079834,2025-08-14 12:58:20.262
1554,1,6,1,0,0,0,,2,6092647,2025-08-14 14:04:59.428
1555,2,5,2,1,0,0,,2,6092647,2025-08-14 14:05:48.894
1556,1,0,1,0,0,0,,22,6079834,2025-08-14 16:16:37.829
1557,2,0,1,0,0,0,,22,6079834,2025-08-14 16:45:54.158
1558,1,2,2,0,0,0,,7,6124202,2025-08-15 10:42:22.665
1559,1,2,2,0,0,0,,7,6124202,2025-08-15 10:42:49.717
1560,2,4,4,0,0,0,,7,6124202,2025-08-15 10:43:21.026
1561,1,6,1,0,0,0,,2,6092647,2025-08-16 09:41:05.464
1562,1,12,2,2,0,0,,2,6092647,2025-08-16 09:41:56.268
1563,1,7,1,0,0,0,,2,6092647,2025-08-16 09:42:25.377
1564,2,20,2,2,0,0,,2,6092647,2025-08-16 09:43:04.896
1565,1,1,0,0,0,0,,22,6079834,2025-08-19 11:57:31.668
1566,2,1,0,0,0,0,,22,6079834,2025-08-19 12:00:31.764
1567,1,1,0,0,0,0,,22,6079834,2025-08-19 14:14:41.960
1568,2,1,0,0,0,0,,22,6079834,2025-08-19 14:27:51.065
1569,1,10,4,1,0,0,,2,6092647,2025-08-19 23:30:35.941
1570,1,8,1,0,0,0,,2,6092647,2025-08-19 23:31:08.752
1571,2,21,7,1,0,0,,2,6092647,2025-08-19 23:32:06.719
1572,1,1,0,0,0,0,,22,6079834,2025-08-20 10:32:18.631
1573,1,0,1,3,0,0,,22,6079834,2025-08-20 11:35:57.667
1574,2,1,0,0,0,0,,22,6079834,2025-08-20 12:53:39.972
1575,2,0,1,3,0,0,,22,6079834,2025-08-20 17:05:34.758
1576,1,10,3,3,0,0,,2,6092647,2025-08-21 11:16:11.385
1577,1,6,0,0,0,0,,2,6092647,2025-08-21 11:16:34.271
1578,2,12,1,3,0,0,,2,6092647,2025-08-21 11:17:04.573
1579,1,1,0,0,0,0,,22,6079834,2025-08-21 11:45:30.185
1580,2,1,0,0,0,0,,22,6079834,2025-08-21 12:22:53.632
1581,1,1,0,0,0,0,,22,6079834,2025-08-22 12:37:25.378
1582,2,1,0,0,0,0,,22,6079834,2025-08-24 12:11:25.331
1583,1,1,0,0,0,0,,22,6079834,2025-08-25 10:44:00.223
1584,2,1,0,0,0,0,,22,6079834,2025-08-25 11:04:02.575
1585,1,10,6,2,0,0,,2,6092647,2025-08-25 13:45:01.715
1586,1,10,3,0,0,0,,2,6092647,2025-08-25 13:45:39.077
1587,1,2,1,0,0,0,,2,6092647,2025-08-25 13:46:32.591
1588,2,30,11,2,0,0,,2,6092647,2025-08-25 13:57:22.269
1589,1,2,0,0,0,0,,22,6079834,2025-08-26 11:01:51.637
1590,2,1,0,0,0,0,,22,6079834,2025-08-26 11:46:57.152
1591,2,1,0,0,0,0,,22,6079834,2025-08-26 12:27:06.802
1592,1,1,0,0,0,0,,22,6079834,2025-08-27 09:43:05.698
1593,1,55,3,0,0,0,,2,6092647,2025-08-27 09:46:34.128
1594,1,148,3,0,0,0,,2,6092647,2025-08-27 09:47:14.924
1595,2,96,5,0,0,0,,2,6092647,2025-08-27 09:48:03.633
1596,2,1,0,0,0,0,,22,6079834,2025-08-27 11:25:28.979
1597,1,2,0,0,0,0,,22,6079834,2025-08-28 13:11:44.455
1598,2,2,0,0,0,0,,22,6079834,2025-08-28 14:03:41.312
1599,1,62,3,0,0,0,,2,6092647,2025-08-28 17:20:19.140
1600,2,108,2,0,0,0,,2,6092647,2025-08-28 17:22:14.703
1601,1,106,17,2,0,0,,2,6092647,2025-08-29 01:21:39.489
1602,2,93,12,2,0,0,,2,6092647,2025-08-29 01:22:35.658
1603,1,0,1,1,0,0,,22,6079834,2025-08-29 11:06:44.586
1604,1,1,1,0,0,0,,22,6079834,2025-08-29 13:10:39.978
1605,2,0,1,1,0,0,,22,6079834,2025-08-29 13:10:57.458
1606,2,1,1,0,0,0,,22,6079834,2025-08-29 13:54:32.921
1607,1,53,6,3,0,0,,2,6092647,2025-08-30 09:57:01.765
1608,2,89,9,2,0,0,,2,6092647,2025-08-30 09:57:59.095
1609,1,1,0,0,0,0,,22,6079834,2025-08-30 13:57:01.475
1610,2,1,0,0,0,0,,22,6079834,2025-08-30 14:08:17.116
1611,1,26,2,0,0,0,,2,6092647,2025-08-31 08:50:17.473
1612,2,36,4,1,0,0,,2,6092647,2025-08-31 08:51:11.825
1613,1,36,15,4,0,0,,22,6079834,2025-08-31 10:18:26.496
1614,2,1,0,0,0,0,,22,6079834,2025-08-31 12:27:05.074
1615,2,0,2,0,0,0,,22,6079834,2025-08-31 13:22:17.164
1616,2,35,13,4,0,0,,22,6079834,2025-08-31 14:16:30.149
1617,1,3,0,0,0,0,,22,6079834,2025-09-01 09:55:51.380
1618,2,2,0,0,0,0,,22,6079834,2025-09-01 13:15:10.775
1619,1,97,25,8,0,0,,2,6092647,2025-09-01 14:47:53.800
1620,2,0,13,4,0,0,,2,6092647,2025-09-01 14:48:52.390
1621,2,37,0,0,0,0,,2,6092647,2025-09-01 14:49:24.697
1622,2,1,0,0,0,0,,22,6079834,2025-09-01 16:56:50.917
1623,2,0,1,1,0,0,,7,6124202,2025-09-01 20:18:28.347
1624,1,7,2,1,0,0,,7,6124202,2025-09-01 20:19:49.596
1625,2,3,0,0,0,0,,7,6124202,2025-09-01 20:20:15.074
1626,1,13,3,0,0,0,,22,6079834,2025-09-02 09:47:24.929
1627,1,0,1,0,0,0,,22,6079834,2025-09-02 14:38:27.568
1628,2,0,1,0,0,0,,22,6079834,2025-09-02 14:39:33.934
1629,1,21,10,9,0,0,,2,6092647,2025-09-02 23:15:52.175
1630,2,90,15,9,0,0,,2,6092647,2025-09-02 23:17:14.662
1631,2,1,0,0,0,0,,2,6092647,2025-09-02 23:17:55.318
1632,2,2,1,0,0,0,,22,6079834,2025-09-03 06:58:01.013
1633,1,10,1,0,0,0,,22,6079834,2025-09-03 10:33:28.182
1634,2,21,3,0,0,0,,22,6079834,2025-09-03 11:42:01.167
1635,1,54,5,3,0,0,,2,6092647,2025-09-03 23:16:12.845
1636,2,0,13,6,0,0,,2,6092647,2025-09-03 23:17:09.052
1637,2,36,0,0,0,0,,2,6092647,2025-09-03 23:18:18.021
1638,1,48,14,6,0,0,,2,6092647,2025-09-04 07:06:26.126
1639,2,53,8,2,0,0,,2,6092647,2025-09-04 07:07:46.235
1640,2,0,1,0,0,0,,2,6092647,2025-09-04 07:08:26.510
1641,1,2,3,0,0,0,,22,6079834,2025-09-04 10:33:00.691
1642,2,2,3,0,0,0,,22,6079834,2025-09-04 18:42:01.441
1643,1,7,1,0,0,0,,22,6079834,2025-09-05 09:26:24.085
1644,1,109,31,4,0,0,,2,6092647,2025-09-05 10:12:51.523
1645,2,0,23,7,0,0,,2,6092647,2025-09-05 10:13:46.014
1646,2,65,0,0,0,0,,2,6092647,2025-09-05 10:14:17.774
1647,1,0,1,0,0,0,,22,6079834,2025-09-05 14:02:46.058
1648,2,6,2,0,0,0,,22,6079834,2025-09-05 15:27:02.207
1649,2,1,0,0,0,0,,22,6079834,2025-09-06 07:06:52.064
1650,1,10,3,3,0,0,,22,6079834,2025-09-06 11:31:03.386
1651,2,3,0,0,0,0,,22,6079834,2025-09-06 16:39:21.563
1652,1,118,9,4,0,0,,2,6092647,2025-09-06 18:47:46.563
1653,2,110,16,3,0,0,,2,6092647,2025-09-06 18:48:50.211
1654,2,0,1,0,0,0,,2,6092647,2025-09-06 18:49:38.697
1655,2,2,0,0,0,0,,22,6079834,2025-09-07 07:17:42.465
1656,2,2,0,0,0,0,,22,6079834,2025-09-07 08:54:17.948
1657,2,1,0,0,0,0,,22,6079834,2025-09-07 10:05:13.721
1658,1,9,1,0,0,0,,22,6079834,2025-09-07 11:23:32.948
1659,2,1,0,0,0,0,,22,6079834,2025-09-07 14:23:47.705
1660,2,6,1,0,0,0,,22,6079834,2025-09-07 15:30:31.071
1661,2,2,2,3,0,0,,22,6079834,2025-09-08 06:34:28.119
1662,2,2,0,0,0,0,,22,6079834,2025-09-08 07:04:23.133
1663,1,1,0,0,0,0,,22,6079834,2025-09-08 08:49:32.555
1664,2,1,0,0,0,0,,22,6079834,2025-09-08 10:25:44.829
1665,1,7,2,1,0,0,,22,6079834,2025-09-08 10:26:13.249
1666,1,34,10,3,0,0,,2,6092647,2025-09-08 12:22:54.799
1667,2,96,11,4,0,0,,2,6092647,2025-09-08 12:23:48.416
1668,2,6,0,0,0,0,,22,6079834,2025-09-08 13:52:41.810
1669,2,1,2,1,0,0,,22,6079834,2025-09-08 15:15:40.310
1670,2,0,1,0,0,0,,22,6079834,2025-09-08 15:52:16.796
1671,1,1,0,0,0,0,,22,6079834,2025-09-09 10:27:46.341
1672,2,1,0,0,0,0,,22,6079834,2025-09-09 13:16:57.635
1673,1,0,1,0,0,0,,22,6079834,2025-09-09 17:01:47.838
1674,2,0,1,0,0,0,,22,6079834,2025-09-09 17:38:35.804
1675,1,22,4,0,0,0,,22,6079834,2025-09-10 10:12:56.034
1676,1,1,0,0,0,0,,22,6079834,2025-09-10 12:13:38.636
1677,2,1,0,0,0,0,,22,6079834,2025-09-10 12:39:08.301
1678,1,1,0,0,0,0,,22,6079834,2025-09-10 12:55:10.576
1679,2,22,4,0,0,0,,22,6079834,2025-09-10 13:15:26.912
1680,2,1,0,0,0,0,,22,6079834,2025-09-10 13:35:24.600
